Student#,Birth Place,I started Hunter as,How I travel to school, L/R handed,I would rather go to school than work,A High School should have a dress code,My favorite season is,I use a seat belt,I am registered to vote,My favorite sport to watch,My favorite sport to participate in,I play a musical instrument,I have a pet,My resting pulse is,I read this many books per year,Siblings,BirthOrder,I have earned this many credits,I study this many hours per week,I watch this many movies per year,I want to major in,My favorite color is,My favorite fruit is,At home I speak,My favorite subject is,My least favorite subject is,I watch this many hours of TV,Where I started school in,Buy text?,Read text?,Learn from reading the text?,Learn from reading my notes?,Learn from working problems?,Learn from rewriting my notes?,Learn from working with a tutor?,Learn from working with another student?,I took Statistics because ,I am Math-Anxious,I am good in math,Height,Weight,VerbalSAT,MathSAT,SAT,GPA
251,Italy,senior,ride the subway,Right,TRUE,FALSE,SUMMER,TRUE,FALSE,tennis,basketball,FALSE,FALSE,75,4,2,3,57,28,0,psychology,yellow,grape,English,psychology,math,2,Italy,always,usually,yes,no,yes,yes,yes,no,it's required,TRUE,FALSE,67,170,440,560,1000,3.1
232,Philippines,freshman,ride the subway,Right,TRUE,TRUE,WINTER,FALSE,TRUE,football,football,FALSE,FALSE,unknown,6,2,2,22.5,15,0,nursing,purple,peach,Tagalog,no favorite,foreign language,10,Philippines,always,sometimes,yes,yes,yes,no,no,no,it's required,FALSE,TRUE,72,175,680,750,1430,3
92,Managua,freshman,ride the subway,Right,TRUE,TRUE,FALL,FALSE,TRUE,none,none,FALSE,TRUE,unknown,1,1,1,52,6,0,sociology,blue,banana,Spanish,none,math,28,USA,always,sometimes,no,no,no,no,no,no,it's required,TRUE,FALSE,62,140,650,550,1200,2.9
20,USA,freshman,ride the subway,Right,TRUE,TRUE,SUMMER,TRUE,TRUE,gymnastics,volleyball,FALSE,FALSE,56,2,3,4,42,8,1,nursing,red,grape,English,biology,math,1,USA,usually,never,yes,no,yes,no,no,no,it's required,TRUE,FALSE,73,195,560,620,1180,3.5
160,Austria,freshman,ride the subway,Right,FALSE,FALSE,SPRING,TRUE,TRUE,billiards,billiards,FALSE,TRUE,2,300,2,3,34,7,1,English,blue,pear,English,English,math,2,USA,always,usually,yes,yes,yes,no,no,no,it's required,TRUE,FALSE,73,215,600,600,1200,3.4
137,USA,freshman,ride the subway,Right,TRUE,FALSE,SUMMER,FALSE,FALSE,figure skating,handball,FALSE,TRUE,unknown,0,0,1,13,5,1,education,blue,mango,English,English,math,4,USA,always,sometimes,yes,yes,yes,no,no,yes,it's required,FALSE,FALSE,64,130,570,570,1140,2.4
239,China,sophomore,ride the subway,Right,TRUE,TRUE,SUMMER,TRUE,FALSE,diving,badminton,FALSE,FALSE,70,10,1,2,Unknown,56,1,computer science,blue,cherry,Chinese,art,humanities,5,China,always,always,yes,yes,yes,yes,yes,yes,it's required,FALSE,TRUE,67,145,680,620,1300,3.4
97,Poland,freshman,ride the subway,Right,TRUE,FALSE,WINTER,TRUE,FALSE,tennis,volleyball,FALSE,TRUE,unknown,5,1,2,9,5,1,psychology,black,strawberry,Polish,psychology,math,10,Poland,always,usually,yes,yes,yes,yes,yes,yes,it's required,TRUE,FALSE,67,155,670,700,1370,2.9
178,USA,freshman,ride the subway,Right,TRUE,FALSE,FALL,TRUE,FALSE,baseball,baseball,FALSE,FALSE,70,4,1,2,13,10,1,nursing,purple,strawberry,English,English,chemistry,15,USA,always,never,no,no,yes,no,no,yes,it's required,TRUE,FALSE,66,138,550,560,1110,2.8
103,USA,junior,ride the subway,Right,not sure,TRUE,SPRING,TRUE,TRUE,baseball,football,FALSE,FALSE,46,8,2,1,101,14,1,physical therapy,blue,apple,English,history,none,15,USA,always,usually,yes,yes,yes,yes,yes,yes,it's required,FALSE,TRUE,72,208,550,560,1110,2.55
49,USA,junior,ride the subway,Right,TRUE,FALSE,SPRING,FALSE,TRUE,football,tennis,FALSE,FALSE,64,10,2,1,70,5,1,nursing,brown,grape,English,science,English,20,USA,usually,usually,no,no,yes,yes,no,yes,it's required,FALSE,TRUE,72,175,650,670,1320,3.6
18,Ukraine,sophomore,"ride the subway, drive",Ambidextrous,FALSE,FALSE,SPRING,FALSE,FALSE,hockey,"hockey, soccer",TRUE,FALSE,82,9,1,2,45,11,2,physical therapy,black,watermelon,Russian,math,chemistry,5,Ukraine,always,sometimes,yes,yes,yes,yes,no,yes,it's required,FALSE,TRUE,65,110,550,640,1190,3.4
111,USA,freshman,ride the subway,Left,TRUE,FALSE,SUMMER,TRUE,TRUE,basketball,volleyball,FALSE,FALSE,72,0,1,2,12,15,2,biology,blue,banana,English,biology,math,10,USA,always,sometimes,no,yes,yes,yes,yes,yes,it's required,TRUE,FALSE,65,140,500,670,1170,2.09
120,USA,freshman,ride the subway,Right,FALSE,FALSE,SUMMER,FALSE,TRUE,basketball,basketball,FALSE,TRUE,unknown,10,3,4,12,5,2,psychology,red,banana,English,psychology,math,10,USA,always,never,yes,yes,yes,yes,yes,no,it's required,TRUE,FALSE,73,195,560,620,1180,3.5
3,New York,junior,ride the subway,Left,FALSE,FALSE,SUMMER,TRUE,TRUE,basketball,basketball,TRUE,TRUE,unknown,3,2,1,42,30,2,media/communication,blue,apple,English,history,math,10,USA,always,usually,yes,yes,yes,yes,no,no,it's required,FALSE,FALSE,72,208,550,560,1110,2.55
216,Ukraine,freshman,ride the subway,Right,TRUE,FALSE,SUMMER,FALSE,FALSE,figure skating,walking,FALSE,FALSE,67,5,3,1,30,17,2,psychology,pink,plum,Russian,no favorite,math,15,Ukraine,always,always,yes,no,yes,no,no,no,it's required,TRUE,FALSE,65,136,710,760,1470,3.5
72,Guyana,sophomore,ride the subway,Right,TRUE,TRUE,SPRING,FALSE,FALSE,basketball,tennis,TRUE,FALSE,63,2,1,1,25,15,3,nursing,green,strawberry,English,classical mythology,math,4,Guyana,always,never,yes,yes,yes,no,yes,yes,it's required,TRUE,FALSE,66,120,560,580,1140,3.5
227,USA,freshman,ride the subway,Right,FALSE,FALSE,SPRING,TRUE,TRUE,basketball,basketball,FALSE,FALSE,67,2,3,1,43,12,3,economics,burgundy,strawberry,English,sociology,math,10,USA,always,never,yes,no,yes,no,no,yes,it's required,TRUE,FALSE,68,135,570,600,1170,3.6
98,China,freshman,ride the subway,Right,TRUE,FALSE,SUMMER,TRUE,TRUE,tennis,badminton,TRUE,FALSE,60,10,3,2,15,20,3,computer science,white,mango,Chinese,math,political science,10,China,always,usually,yes,yes,yes,yes,yes,no,it's required,TRUE,TRUE,73,155,730,740,1470,3.21
213,Russia,freshman,ride the subway,Right,FALSE,TRUE,SUMMER,TRUE,FALSE,tennis,tennis,TRUE,TRUE,65,5,2,2,15.5,37,4,physical therapy,red,strawberry,Russian,math,chemistry,3,Russia,always,usually,yes,yes,yes,no,no,no,it's required,FALSE,TRUE,68,137,600,500,1100,3.3
219,Ecuador,freshman,ride the subway,Ambidextrous,FALSE,FALSE,SUMMER,FALSE,FALSE,basketball,handball,FALSE,FALSE,60,1,1,1,37,10,4,physical therapy,blue,plum,Spanish,math,English,4,USA,always,never,yes,yes,yes,no,no,yes,it's required,FALSE,TRUE,72,192,600,630,1230,2.47
133,USA,freshman,ride the subway,Right,TRUE,FALSE,SUMMER,FALSE,TRUE,baseball,volleyball,FALSE,TRUE,76,3,1,2,23,15,4,computer science,white,grape,English,health education,math,10,USA,always,usually,yes,yes,yes,no,no,yes,it's required,FALSE,TRUE,62,119,560,580,1140,3.28
245,Haiti,freshman,ride the subway,Right,FALSE,FALSE,SUMMER,FALSE,FALSE,soccer,soccer,TRUE,FALSE,66,15,2,1,12,20,5,physical therapy,black,orange,Creole,English,math,8,Haiti,always,usually,yes,yes,yes,no,no,yes,it's required,FALSE,TRUE,65,140,670,670,1340,3.85
121,USA,nondegree student,ride the subway,Right,FALSE,TRUE,SPRING,TRUE,TRUE,basketball,none,TRUE,FALSE,unknown,12,1,2,3,18,5,nursing,all,banana,English,math,economics,30,USA,always,usually,yes,yes,yes,yes,no,no,it's required,FALSE,TRUE,74,200,550,650,1200,3
266,Russia,nondegree student,ride the subway,Right,TRUE,FALSE,SUMMER,TRUE,FALSE,tennis,tennis,FALSE,TRUE,60,10,1,1,0,15,7,psychology,purple,apple,Russian,chemistry,history,14,Russia,always,always,yes,yes,yes,no,no,yes,chose to take,FALSE,TRUE,68,155,600,600,1200,3.45
272,Spain,freshman,ride the subway,Right,TRUE,TRUE,SUMMER,TRUE,FALSE,soccer,all,FALSE,FALSE,unknown,0,1,2,3,2,8,psychology,red,strawberry,Spanish,film,none,1,Spain,never,sometimes,yes,no,yes,yes,yes,no,it's required,NOT SURE,NOT SURE,64,134,640,640,1280,3.89
10,Jamaica,freshman,ride the subway,Left,FALSE,FALSE,FALL,FALSE,TRUE,gymnastics,tennis,TRUE,TRUE,unknown,1,7,8,47,Unknown,10,psychology,black,mango,English,Black & Puerto Rican studies,philosophy,10,USA,sometimes,never,no,no,yes,no,yes,yes,it's required,FALSE,FALSE,60,115,670,700,1370,3.7
21,Russia,sophomore,ride the subway,Right,TRUE,FALSE,SUMMER,TRUE,FALSE,figure skating,none,FALSE,TRUE,unknown,5,1,2,32,10,10,nutrition,black,orange,Russian,Russian,science,30,USA,always,sometimes,no,yes,yes,no,no,no,it's required,FALSE,FALSE,74,200,550,650,1200,3
197,Guyana,senior,ride the subway,Right,TRUE,TRUE,SUMMER,FALSE,FALSE,basketball,cheerleading,FALSE,FALSE,108,3,1,2,98,12,0,urban studies,red,apple,English,urban,math,3,Guyana,always,never,no,no,no,yes,yes,no,it's required,TRUE,FALSE,67,155,670,700,1370,2.9
46,USA,freshman,ride the subway,Right,FALSE,TRUE,SUMMER,TRUE,FALSE,hockey,hockey,TRUE,FALSE,51,10,1,2,48.5,30,0,physical therapy,black,cantaloupe,English,math,physics,15,USA,always,always,yes,no,yes,no,yes,no,it's required,FALSE,TRUE,70,165,600,630,1230,3.4
134,USA,freshman,ride the subway,Right,TRUE,FALSE,SUMMER,FALSE,TRUE,basketball,running,FALSE,FALSE,45,0,1,1,12,10,1,physician asst.,black,kiwi,English,anthropology,biology,2,USA,always,always,yes,yes,yes,no,yes,no,chose to take,TRUE,TRUE,73,205,560,640,1200,3.51
45,USA,nondegree student,ride the subway,Right,TRUE,FALSE,SPRING,TRUE,TRUE,basketball,gymnastics,FALSE,FALSE,75,15,1,2,120,4,1,history,purple,blueberry,English,math,science,2,USA,always,sometimes,yes,yes,yes,no,no,no,it's required,FALSE,TRUE,74,160,630,690,1320,2.9
237,Belarus,freshman,ride the subway,Right,TRUE,TRUE,FALL,TRUE,FALSE,tennis,swimming,TRUE,TRUE,77,5,3,3,6,20,1,computer science,black,raspberry,Russian,Russian literature,English,3,Belarus,always,usually,no,no,no,no,yes,yes,chose to take,FALSE,TRUE,68,130,500,560,1060,3.5
42,USA,nondegree student,ride the bus,Right,TRUE,FALSE,SUMMER,TRUE,TRUE,baseball,baseball,FALSE,FALSE,unknown,4,1,1,27,20,1,psychology,blue,apple,English,psychology,none,10,USA,always,usually,yes,yes,yes,no,no,no,it's required,TRUE,NOT SURE,71,150,590,650,1240,2.94
254,Jamaica,freshman,ride the subway,Right,TRUE,TRUE,SPRING,TRUE,FALSE,basketball,walking,TRUE,FALSE,unknown,2,2,3,18,6,1,biology,red,orange,English,biology,politics,14,Jamaica,always,never,no,yes,yes,no,no,no,it's required,FALSE,TRUE,63,130,520,510,1030,3
117,USA,freshman,ride the subway,Right,FALSE,FALSE,SUMMER,FALSE,TRUE,tennis,tennis,FALSE,FALSE,unknown,10,1,2,44.5,4,1,nursing,green,banana,English,science,math,16,USA,always,sometimes,yes,yes,yes,no,yes,yes,it's required,TRUE,FALSE,67,154,550,450,1000,3.3
222,USA,junior,drive,Right,FALSE,TRUE,FALL,TRUE,TRUE,baseball,softball,FALSE,TRUE,76,0,1,1,65,15,1,nursing,black,nectarine,English,science,English,20,USA,always,never,yes,no,yes,yes,no,no,it's required,FALSE,TRUE,64,150,550,560,1110,3.4
57,USA,freshman,ride the subway,Right,TRUE,TRUE,SUMMER,FALSE,TRUE,basketball,basketball,FALSE,TRUE,60,0,1,2,12,4,2,physical therapy,blue,orange,English,psychology,chemistry,1,USA,usually,usually,no,yes,yes,no,yes,yes,it's required,FALSE,TRUE,73,180,600,670,1270,3.56
224,India,freshman,ride the subway,Right,TRUE,TRUE,SUMMER,TRUE,FALSE,"basketball, soccer",soccer,TRUE,FALSE,unknown,5,1,1,24,20,2,pre-medical,yellow,apple,English,math & science,music,5,India,always,always,yes,yes,yes,yes,yes,yes,chose to take,TRUE,TRUE,62,155,620,660,1280,3.1
143,Vietnam,sophomore,ride the subway,Right,TRUE,TRUE,SUMMER,TRUE,FALSE,basketball,volleyball,FALSE,FALSE,75,2,1,1,9,10,2,accounting,black,orange,Vietnamese,English,chemistry,5,USA,usually,usually,yes,yes,yes,no,yes,yes,it's required,FALSE,FALSE,73,159,620,620,1240,3.31
187,USA,sophomore,ride the subway,Right,TRUE,FALSE,SPRING,TRUE,TRUE,basketball,aerobics,FALSE,TRUE,80,6,1,2,12,12,2,nursing,green,watermelon,English,science,English,6,USA,always,sometimes,yes,no,yes,yes,no,no,it's required,FALSE,TRUE,70,142,660,680,1340,4
147,USA,freshman,ride the subway,Right,TRUE,FALSE,FALL,FALSE,TRUE,basketball,handball,TRUE,TRUE,66,15,1,2,2,10,2,physical therapy,brown,orange,English,English,art history,10,USA,always,usually,yes,yes,yes,yes,no,no,chose to take,FALSE,TRUE,69,161,550,650,1200,3.16
8,India,freshman,ride the subway,Right,TRUE,FALSE,FALL,FALSE,FALSE,basketball,volleyball,FALSE,FALSE,unknown,5,1,1,22.5,10,2,Physical therapy,red,banana,Malayalam,English,physics,10,India,always,sometimes,yes,no,yes,no,yes,yes,it's required,TRUE,FALSE,74,235,660,710,1370,3.3
128,USA,freshman,ride the subway,Left,FALSE,TRUE,WINTER,FALSE,FALSE,soccer,gymnastics,FALSE,TRUE,80,5,2,3,27,20,2,physical therapy,blue,fig,Italian,art,public speaking,10,USA,always,always,no,yes,yes,yes,no,no,it's required,FALSE,TRUE,62,175,610,620,1230,3.5
27,Jamaica,freshman,ride the subway,Right,TRUE,FALSE,SPRING,TRUE,FALSE,track,volleyball,FALSE,FALSE,unknown,3,1,2,15,10,2,physical therapy,brown,none,English,urban studies,history,10,Jamaica,always,sometimes,no,yes,yes,no,yes,yes,it's required,TRUE,TRUE,72,165,500,500,1000,3.3
223,USA,freshman,"ride the subway, ride the bus",Right,TRUE,FALSE,SPRING,TRUE,TRUE,basketball,handball,TRUE,TRUE,unknown,2,4,3,9,8,3,psychology,pink,strawberry,English,math,economics,2,USA,usually,usually,yes,no,yes,no,yes,no,it's required,FALSE,TRUE,71,135,550,550,1100,3.1
206,Korea,sophomore,ride the subway,Right,TRUE,TRUE,SUMMER,TRUE,FALSE,baseball,baseball,FALSE,FALSE,unknown,11,1,1,6,40,3,computer science,black,apple,Korean,math,English,10,Korea,always,usually,no,no,yes,no,no,yes,chose to take,FALSE,TRUE,75,200,610,600,1210,3.38
14,India,freshman,ride the subway,Right,FALSE,FALSE,FALL,FALSE,FALSE,basketball,basketball,FALSE,FALSE,unknown,2,2,1,22,5,3,pharmacy,gray,mango,Gujarati,movie art ,English,10,USA,always,usually,no,no,no,no,no,no,chose to take,FALSE,FALSE,63,99,600,600,1200,3
79,Poland,sophomore,ride the subway,Right,TRUE,FALSE,FALL,TRUE,FALSE,soccer,tennis,TRUE,TRUE,97,20,1,1,28.5,20,3,physical therapy,green,mango,Polish,chemistry,English,10,Poland,always,always,yes,yes,yes,no,yes,yes,it's required,TRUE,TRUE,72,240,690,550,1240,3.49
78,Korea,freshman,ride the subway,Right,TRUE,FALSE,SUMMER,TRUE,FALSE,basketball,basketball,FALSE,FALSE,57,1,1,2,14,15,3,undecided,white,watermelon,Korean,math,English,20,Korea,always,usually,no,no,yes,no,yes,yes,chose to take,FALSE,TRUE,66,138,550,560,1110,2.8
23,USA,freshman,ride the subway,Right,TRUE,FALSE,SUMMER,FALSE,TRUE,baseball,bowling,FALSE,FALSE,76,2,3,2,36,3,4,psychology,blue,strawberry,English,math,history,2,USA,usually,never,yes,yes,yes,no,no,yes,it's required,FALSE,TRUE,71,175,700,720,1420,3.7
126,USA,freshman,ride the subway,Right,TRUE,FALSE,SUMMER,TRUE,FALSE,basketball,horse riding,TRUE,TRUE,68,1,1,1,15,3,4,nursing,pink,clementine,English,social science,math,3,USA,always,never,no,no,no,no,no,no,it's required,TRUE,FALSE,68,190,550,560,1110,2.5
9,USA,freshman,ride the subway,Right,TRUE,TRUE,FALL,TRUE,TRUE,football,softball,FALSE,TRUE,81,9,2,2,28,12,4,physical therapy,navy,cantaloupe,English,history,chemistry,9,USA,always,sometimes,yes,yes,yes,no,no,no,it's required,TRUE,TRUE,61,138,550,550,1100,2.8
248,Israel,freshman,walk,Right,FALSE,FALSE,SPRING,FALSE,FALSE,basketball,basketball,FALSE,TRUE,60,30,1,2,34,15,4,psychology,red,apple,Hebrew,psychology,history,10,USA,always,usually,yes,no,yes,no,yes,yes,it's required,TRUE,FALSE,74,210,510,530,1040,2.7
276,Ukraine,freshman,ride the subway,Right,TRUE,FALSE,SPRING,TRUE,FALSE,soccer,soccer,FALSE,FALSE,unknown,0,0,1,42,11,4,psychology,green,mango,Russian,"art, science",English,10,Ukraine,always,always,yes,yes,yes,no,no,yes,it's required,FALSE,TRUE,66,135,600,550,1150,2.9
141,USA,freshman,ride the subway,Right,TRUE,FALSE,SUMMER,FALSE,TRUE,hockey,boxing,TRUE,FALSE,60,12,2,2,65,7,4,nutrition,blue,mango,English,psychology,language,10,USA,sometimes,sometimes,yes,yes,yes,yes,no,no,it's required,TRUE,TRUE,60,98,490,550,1040,3.1
43,USA,nondegree student,ride the subway,Ambidextrous,TRUE,FALSE,SPRING,TRUE,TRUE,basketball,swimming,FALSE,FALSE,84,3,1,1,68,6,4,nursing,gray,apple,English,nursing,math,24,USA,usually,usually,yes,yes,yes,yes,yes,yes,it's required,TRUE,FALSE,73,159,620,620,1240,3.31
250,Italy,sophomore,ride the subway,Right,FALSE,FALSE,FALL,FALSE,FALSE,tennis,swimming,TRUE,FALSE,80,4,3,1,15,22,5,psychology,blue,grape,English,psychology,statistic,1,Italy,always,sometimes,no,no,yes,yes,no,yes,it's required,TRUE,FALSE,75,225,780,620,1400,3.23
113,USA,freshman,ride the subway,Right,TRUE,TRUE,SUMMER,TRUE,TRUE,tennis,basketball,FALSE,FALSE,unknown,4,1,2,16,10,5,physical therapy,blue,banana,English,psychology,economics,2,USA,always,sometimes,yes,yes,yes,no,yes,no,it's required,FALSE,TRUE,63,110,590,610,1200,3.86
212,Russia,freshman,ride the subway,Right,FALSE,FALSE,SPRING,FALSE,FALSE,tennis,tennis,FALSE,FALSE,120,5,0,1,12,10,5,nutrition,black,mango,Russian,biology,English,3,Russia,always,sometimes,yes,no,yes,no,no,no,it's required,FALSE,TRUE,71,207,560,680,1240,2.2
119,Columbia,freshman,ride the bus,Right,TRUE,FALSE,SUMMER,FALSE,TRUE,baseball,none,FALSE,TRUE,48,2,8,8,41,10,5,psychology,red,banana,English,English,science,5,USA,always,never,yes,yes,yes,no,yes,yes,it's required,FALSE,FALSE,68,145,560,570,1130,2.9
83,Ukraine,freshman,ride the subway,Right,TRUE,FALSE,WINTER,FALSE,FALSE,soccer,tennis,TRUE,FALSE,67,10,1,1,28.5,10,5,psychology,green,apple,Russian,science,art,15,Ukraine,always,always,yes,yes,yes,no,no,no,chose to take,TRUE,TRUE,62,125,660,520,1180,3.13
69,USA,freshman,ride the bus,Right,TRUE,TRUE,SPRING,TRUE,TRUE,basketball,volleyball,FALSE,TRUE,55,5,2,1,12,10,6,nursing,red,apple,Spanish,science,math,3,Dominican Republic,always,always,yes,yes,yes,no,yes,yes,it's required,FALSE,TRUE,68,130,600,580,1180,2.4
96,USA,freshman,ride the subway,Right,FALSE,FALSE,WINTER,TRUE,TRUE,basketball,basketball,TRUE,FALSE,76,4,2,2,28,14,6,economics,brown,strawberry,Italian,sociology,science,10,USA,always,sometimes,no,yes,no,no,no,yes,it's required,FALSE,FALSE,72,165,640,710,1350,2.8
268,Russia,freshman,ride the subway,Right,TRUE,TRUE,SPRING,FALSE,FALSE,football,walking,FALSE,FALSE,unknown,7,2,1,25,12,6,computer science,black,orange,Russian,math,geography,11,Russia,always,always,yes,yes,yes,no,no,no,chose to take,FALSE,TRUE,69,155,750,780,1530,3.71
226,USA,junior,ride the subway,Right,FALSE,FALSE,SUMMER,FALSE,TRUE,baseball,basketball,FALSE,TRUE,unknown,0,1,2,12,5,6,psychology,blue,orange,English,psychology,math,14,USA,always,never,no,yes,yes,yes,no,no,it's required,TRUE,FALSE,68,140,570,580,1150,3
265,Russia,sophomore,ride the subway,Right,FALSE,FALSE,SUMMER,FALSE,FALSE,soccer,swimming,TRUE,TRUE,69,30,1,2,Unknown,15,8,nursing,black,apple,Russian,biology,psychology,3,Russia,always,always,yes,yes,no,no,yes,no,it's required,FALSE,TRUE,66,140,580,530,1110,3.3
200,Haiti,freshman,ride the subway,Right,TRUE,FALSE,SUMMER,TRUE,FALSE,basketball,soccer,FALSE,FALSE,unknown,10,1,2,12,25,8,nutrition,brown,orange,English,anthropology,media,15,Haiti,usually,usually,yes,yes,yes,no,yes,yes,it's required,FALSE,TRUE,70,155,610,640,1250,3.33
148,USA,freshman,ride the subway,Right,FALSE,TRUE,SUMMER,FALSE,FALSE,football,football,FALSE,TRUE,unknown,18,2,2,62.5,5,8,English,peach,orange,English,English,chemistry,20,USA,always,sometimes,yes,yes,yes,yes,no,no,it's required,TRUE,TRUE,64,130,640,730,1370,3.84
267,Russia,junior,ride the subway,Right,FALSE,TRUE,FALL,FALSE,FALSE,soccer,soccer,FALSE,TRUE,55,16,2,1,12,15,10,psychology,white,grapefruit,Russian,literature,literature,10,Russia,always,never,no,no,yes,no,no,yes,it's required,FALSE,TRUE,72,150,520,710,1230,3.1
196,USA,freshman,ride the subway,Right,TRUE,TRUE,SUMMER,TRUE,FALSE,basketball,volleyball,FALSE,FALSE,72,10,2,2,13,31,20,psychology,black,apple,English,history,geography,10,Guyana,always,sometimes,yes,yes,yes,yes,yes,yes,chose to take,FALSE,TRUE,72,165,640,710,1350,2.8
189,USA,junior,ride the subway,Right,TRUE,FALSE,SPRING,TRUE,TRUE,hockey,billiards,TRUE,FALSE,unknown,5,5,6,70,15,20,urban affair,blue,orange,English,urban play,mandatory course,35,USA,always,sometimes,yes,yes,yes,no,no,no,it's required,FALSE,FALSE,68,145,680,570,1250,2.6
221,Guyana,freshman,ride the subway,Ambidextrous,TRUE,FALSE,FALL,TRUE,FALSE,figure skating,volleyball,TRUE,TRUE,45,120,4,5,30,40,0,psychology,black,strawberry,English,English/biology,math,5,Guyana,always,always,no,no,yes,no,no,yes,it's required,TRUE,TRUE,68,170,600,640,1240,3.4
175,China,junior,ride the subway,Right,TRUE,FALSE,FALL,TRUE,FALSE,none,none,TRUE,FALSE,unknown,4,2,2,9,Unknown,1,physical therapy,blue,strawberry,English,biology,chemistry,3,USA,always,never,yes,yes,yes,no,no,no,it's required,FALSE,TRUE,64,143,430,610,1040,3.25
203,India,freshman,ride the subway,Right,TRUE,TRUE,SPRING,TRUE,FALSE,basketball,basketball,TRUE,FALSE,unknown,2,3,1,12,Unknown,1,nursing,purple,apple,Malayalam,history,none,5,India,always,sometimes,no,yes,yes,yes,no,no,it's required,NOT SURE,NOT SURE,73,175,550,600,1150,3.25
142,USA,freshman,walk,Right,TRUE,FALSE,SUMMER,TRUE,TRUE,football,racquetball,TRUE,FALSE,unknown,2,1,1,6,Unknown,2,psychology,red,mango,English,psychology,chemistry,4,USA,always,always,yes,yes,yes,no,yes,yes,chose to take,FALSE,TRUE,71,150,590,650,1240,2.94
209,Nicaragua,freshman,ride the subway,Right,TRUE,FALSE,SUMMER,FALSE,FALSE,basketball,basketball,FALSE,TRUE,unknown,4,2,2,16.5,Unknown,2,education,blue,mango,Spanish,English,geology,16,Nicaragua,always,always,yes,yes,yes,no,yes,yes,chose to take,FALSE,TRUE,70,210,520,580,1100,2.9
150,USA,freshman,ride the bus,Right,FALSE,TRUE,SUMMER,TRUE,FALSE,football,volleyball,FALSE,TRUE,30,50,2,2,105.5,25,2,sociology,red,orange,Spanish,English,math,220,USA,always,always,yes,yes,yes,yes,yes,no,it's required,TRUE,FALSE,70,255,420,520,940,2.36
63,USA,sophomore,ride the subway,Right,TRUE,FALSE,FALL,TRUE,TRUE,basketball,soccer,FALSE,FALSE,unknown,3,2,1,58,4,3,anthropology,black,strawberry,Spanish,psychology,math,2,USA,always,always,yes,yes,yes,yes,no,no,it's required,TRUE,TRUE,73,185,650,530,1180,2.5
109,USA,freshman,ride the subway,Right,TRUE,FALSE,SUMMER,TRUE,TRUE,basketball,basketball,FALSE,TRUE,unknown,2,2,2,9,10,8,computer science,black,banana,English,math,history,8,USA,always,usually,yes,yes,yes,no,no,yes,chose to take,FALSE,TRUE,61,138,550,550,1100,2.8
29,Philippines,freshman,ride the subway,Left,TRUE,FALSE,SUMMER,TRUE,FALSE,basketball,swimming,FALSE,TRUE,69,20,5,6,Unknown,Unknown,2,physical therapy,green,mango,Tagalog,psychology,math,15,Philippines,usually,usually,yes,yes,yes,no,no,no,it's required,TRUE,FALSE,66,126,610,650,1260,3.79
214,Trinadad,freshman,ride the subway,Right,TRUE,TRUE,FALL,TRUE,FALSE,basketball,basketball,FALSE,TRUE,30,15,2,3,12,36,3,psychology,green,grape,English,history,English,8,Trinidad,always,sometimes,yes,yes,yes,yes,no,no,it's required,TRUE,TRUE,72,153,560,690,1250,2.85
122,USA,freshman,"walk, ride the subway",Right,TRUE,TRUE,FALL,TRUE,FALSE,none,volleyball,TRUE,TRUE,48,7,1,2,33,14,0,nutrition and food science,blue,none,English,physical science,psychology,2,USA,usually,always,yes,no,yes,no,yes,no,chose to take,TRUE,FALSE,70,167,550,680,1230,3.3
104,USA,freshman,ride the bus,Right,TRUE,FALSE,FALL,FALSE,FALSE,none,walking,FALSE,FALSE,unknown,3,1,1,15,10,4,psychology,green,apple,English,English,science,40,USA,always,never,yes,yes,yes,no,no,yes,it's required,FALSE,TRUE,63,110,490,630,1120,3.1
273,Sweden,freshman,ride the subway,Right,TRUE,TRUE,SUMMER,TRUE,FALSE,figure skating,aerobics,TRUE,FALSE,80,4,1,1,13,30,1,marketing,blue,orange,English,anthropology,English,10,Sweden,always,always,yes,yes,yes,no,no,no,chose to take,TRUE,FALSE,68,160,530,650,1180,3.05
91,USA,freshman,ride the subway,Right,TRUE,FALSE,SUMMER,TRUE,TRUE,none,volleyball,TRUE,TRUE,unknown,4,1,1,27,3,1,education,all,all,English,English,history,0,USA,always,sometimes,yes,yes,yes,yes,no,no,chose to take,FALSE,TRUE,74,165,660,710,1370,3.57
170,USA,freshman,"walk, ride the bus",Right,TRUE,TRUE,FALL,TRUE,TRUE,gymnastics,bicycling,FALSE,TRUE,60,13,1,2,21,22,1,nursing,yellow,strawberry,English,literature,political science,4,USA,always,usually,yes,no,yes,no,no,no,it's required,TRUE,FALSE,67,140,610,650,1260,3.22
40,USA,sophomore,ride the subway,Right,TRUE,TRUE,SUMMER,TRUE,TRUE,football,golf,TRUE,TRUE,68,10,0,1,54,11,1,medical engineer,black,apple,English,art history,writing,5,USA,always,always,yes,yes,yes,yes,no,no,chose to take,TRUE,TRUE,70,145,550,500,1050,3
108,USA,freshman,ride the subway,Right,TRUE,FALSE,SPRING,TRUE,TRUE,none,football,TRUE,TRUE,80,2,1,1,15,5,1,psychology,blue,apple,English,psychology,French,5,USA,always,always,yes,yes,yes,yes,no,yes,it's required,FALSE,TRUE,74,235,660,710,1370,3.3
88,USA,freshman,ride the subway,Right,FALSE,FALSE,SUMMER,FALSE,TRUE,hockey,volleyball,FALSE,FALSE,unknown,0,6,7,24,14,1,physical therapy,yellow,grape,English,psychology,physics,10,USA,always,sometimes,no,yes,yes,yes,yes,no,it's required,TRUE,FALSE,67,140,650,550,1200,3.1
5,USA,freshman,ride the subway,Right,FALSE,FALSE,FALL,FALSE,FALSE,basketball,baseball,TRUE,FALSE,75,15,1,1,24,3,1,physical therapy,green,kiwi,English,none,none,10,USA,always,sometimes,yes,yes,yes,yes,yes,no,it's required,TRUE,TRUE,65,150,720,450,1170,2.7
161,USA,sophomore,ride the subway,Right,TRUE,TRUE,SUMMER,TRUE,TRUE,football,golf,TRUE,TRUE,60,0,3,4,27,Unknown,1,psychology,gray,pear,English,biology,history,10,USA,always,usually,yes,yes,yes,no,no,yes,it's required,FALSE,TRUE,65,140,600,650,1250,3.3
156,Trinadad,sophomore,ride the subway,Right,TRUE,FALSE,WINTER,TRUE,FALSE,baseball,tennis,FALSE,TRUE,69,5,2,3,32,18,1,physical therapy,green,peach,English,English,humanities,10,USA,always,usually,yes,yes,yes,no,yes,no,it's required,TRUE,FALSE,65,135,630,620,1250,3.6
70,Germany,sophomore,ride the subway,Right,TRUE,TRUE,SPRING,FALSE,FALSE,gymnastics,swimming,TRUE,FALSE,unknown,5,1,2,12,15,1,English,black,strawberry,Korean,English,calculus,14,Germany,always,never,yes,no,no,no,no,yes,it's required,TRUE,FALSE,67,140,610,650,1260,3.22
217,Romainia,freshman,walk,Right,TRUE,TRUE,FALL,TRUE,FALSE,tennis,volleyball,FALSE,FALSE,unknown,3,2,2,20,15,1,physical therapy,navy,strawberry,Romanian,English,history,14,Romania,usually,usually,no,yes,yes,yes,no,yes,it's required,TRUE,FALSE,65,104,710,680,1390,3.55
118,USA,freshman,ride the subway,Right,FALSE,FALSE,SUMMER,TRUE,TRUE,basketball,volleyball,FALSE,FALSE,unknown,12,1,2,12,10,1,psychology,purple,banana,Spanish,no favorite,none,20,USA,always,usually,yes,yes,yes,no,no,no,it's required,TRUE,FALSE,65,110,550,640,1190,3.4
146,Canada,junior,ride the subway,Right,FALSE,FALSE,SPRING,TRUE,TRUE,basketball,none,FALSE,FALSE,80,3,1,2,97.5,20,1,nursing,blue,orange,English,history,literature,48,USA,always,always,yes,yes,yes,no,no,yes,it's required,TRUE,TRUE,70,165,600,630,1230,3.4
124,USA,sophomore,walk,Right,TRUE,FALSE,SPRING,TRUE,TRUE,baseball,tennis,TRUE,TRUE,unknown,12,1,1,64,16,2,psychology,blue,cherry,English,no favorite,math,2,USA,always,always,no,no,yes,no,yes,yes,it's required,TRUE,FALSE,67,155,610,590,1200,3.48
174,USA,junior,ride the subway,Right,FALSE,FALSE,FALL,TRUE,TRUE,baseball,basketball,TRUE,TRUE,unknown,3,1,1,10,6,2,social work,blue,strawberry,English,English,math,5,USA,always,always,yes,yes,yes,yes,no,no,it's required,TRUE,FALSE,69,155,620,660,1280,3.4
95,USA,sophomore,ride the subway,Right,TRUE,TRUE,SUMMER,TRUE,TRUE,football,basketball,TRUE,FALSE,5,2,2,2,15,4,2,journalism,blue,pear,English,math,urban life,6,USA,always,sometimes,yes,yes,yes,yes,yes,yes,chose to take,FALSE,TRUE,69,160,670,720,1390,3.5
86,USA,freshman,ride the subway,Right,TRUE,FALSE,FALL,TRUE,TRUE,baseball,bicycling,FALSE,TRUE,79,100,1,2,18,30,2,psychology,black,banana,English,no favorite,none,7,USA,always,always,yes,yes,yes,yes,yes,yes,it's required,TRUE,FALSE,76,275,610,640,1250,3.6
220,USA,freshman,ride the subway,Right,FALSE,FALSE,SUMMER,TRUE,TRUE,basketball,basketball,TRUE,FALSE,68,10,1,2,40,5,2,psychology,blue,cantaloupe,English,psychology,physics,10,USA,usually,never,no,no,yes,yes,yes,no,it's required,FALSE,FALSE,71,218,540,560,1100,2.72
177,USA,freshman,ride the subway,Right,TRUE,FALSE,SPRING,TRUE,TRUE,football,baseball,FALSE,FALSE,unknown,3,2,1,12,12,2,psychology,blue,strawberry,English,psychology,math,10,USA,always,never,yes,yes,yes,no,yes,no,it's required,TRUE,FALSE,67,119,490,590,1080,2.1
262,Phillipines,freshman,ride the subway,Right,TRUE,TRUE,SPRING,FALSE,TRUE,basketball,swimming,TRUE,TRUE,62,1,0,1,36,48,2,nursing,blue,mango,English,math,humanities,28,Philippines,always,never,yes,yes,yes,yes,no,no,it's required,TRUE,TRUE,68,190,700,670,1370,3.2
94,USA,junior,ride the subway,Right,TRUE,FALSE,SUMMER,FALSE,TRUE,basketball,volleyball,FALSE,FALSE,unknown,20,3,2,54,12,3,psychology,red,orange,Spanish,English,history,1,USA,always,always,yes,yes,yes,yes,yes,yes,it's required,TRUE,FALSE,70,170,530,590,1120,3.88
61,USA,junior,ride the subway,Right,TRUE,FALSE,FALL,TRUE,FALSE,basketball,dance,FALSE,TRUE,unknown,3,3,4,28,3,3,psychology,purple,strawberry,English,math,history,5,USA,always,never,yes,yes,yes,no,no,no,it's required,FALSE,TRUE,65,140,600,650,1250,3.3
105,USA,sophomore,ride the subway,Right,TRUE,FALSE,SUMMER,TRUE,TRUE,gymnastics,soccer,TRUE,FALSE,69,6,1,1,81,4,3,psychology,lavender,apple,English,psychology,math,8,USA,always,always,yes,yes,yes,yes,yes,yes,it's required,TRUE,FALSE,65,150,720,450,1170,2.7
16,USA,senior,ride the subway,Right,TRUE,FALSE,SPRING,TRUE,TRUE,football,track,TRUE,FALSE,unknown,5,1,1,51,8,3,community health ,purple,cantaloupe,English,English,math,15,USA,usually,usually,yes,yes,yes,no,yes,yes,it's required,TRUE,FALSE,62,120,610,800,1410,3.35
229,Barbados,freshman,ride the subway,Right,TRUE,FALSE,SUMMER,TRUE,FALSE,baseball,volleyball,FALSE,FALSE,72,3,2,1,13,20,3,nursing,blue,pineapple,English,math,psychology,20,Barbados,always,sometimes,yes,yes,yes,no,no,yes,it's required,FALSE,TRUE,72,165,520,670,1190,3.5
82,Tajikistan,freshman,ride the subway,Right,TRUE,FALSE,SUMMER,TRUE,FALSE,basketball,volleyball,FALSE,FALSE,70,8,2,3,Unknown,15,4,computer science,red,orange,Russian,math,history,7,Tajikistan,always,sometimes,yes,yes,yes,yes,yes,no,it's required,FALSE,TRUE,73,200,520,620,1140,2.8
64,India,freshman,ride the subway,Right,TRUE,TRUE,SUMMER,FALSE,FALSE,basketball,volleyball,TRUE,FALSE,unknown,4,2,1,12,5,4,physician asst.,green,orange,Gujarati,math,economics,8,USA,always,sometimes,yes,yes,yes,yes,yes,yes,chose to take,FALSE,TRUE,70,185,650,650,1300,3.2
204,Jordan,freshman,ride the subway,Right,TRUE,FALSE,SPRING,FALSE,FALSE,basketball,basketball,FALSE,FALSE,80,5,3,4,15,12,4,physical therapy,silver,kiwi,English,math,art,40,India,always,never,yes,no,yes,no,no,no,it's required,FALSE,TRUE,71,160,560,580,1140,3.4
249,Israel,freshman,walk,Right,TRUE,FALSE,FALL,TRUE,FALSE,basketball,swimming,TRUE,FALSE,unknown,5,1,2,15,35,5,sociology,black,apple,Hebrew,sociology,science,8,Israel,always,never,no,no,no,no,no,no,it's required,FALSE,FALSE,62,115,740,660,1400,3.4
39,USA,sophomore,walk,Right,TRUE,FALSE,SPRING,TRUE,TRUE,track,racquetball,TRUE,FALSE,60,9,2,3,20,4,5,anthropology,purple,grape,English,religion,math,10,USA,always,sometimes,yes,yes,yes,yes,no,no,it's required,FALSE,TRUE,64,135,580,540,1120,2.4
215,Ukraine,freshman,ride the subway,Right,FALSE,TRUE,SUMMER,FALSE,FALSE,tennis,running,FALSE,TRUE,120,0,2,3,12,48,5,physical therapy,brown,banana,Russian,biology,physics,14,Ukraine,always,usually,yes,no,yes,no,yes,no,it's required,FALSE,FALSE,63,175,610,660,1270,3.37
270,Russia,freshman,ride the subway,Right,TRUE,TRUE,SPRING,TRUE,FALSE,skiing,"soccer, tennis",FALSE,FALSE,60,5,1,1,46,10,5,psychology,blue,peach,Russian,arts,English,15,Russia,always,sometimes,yes,yes,yes,yes,yes,yes,it's required,FALSE,TRUE,71,192,640,640,1280,3.73
80,Russia,freshman,ride the bus,Right,TRUE,TRUE,SPRING,TRUE,FALSE,figure skating,basketball,FALSE,FALSE,78,3,1,1,32.5,35,5,psychology,black,apple,Russian,mythology,chemistry,15,Russia,always,usually,yes,yes,yes,no,no,no,it's required,FALSE,TRUE,65,160,550,550,1100,3.83
195,England,freshman,ride the subway,Right,TRUE,FALSE,SUMMER,TRUE,FALSE,basketball,basketball,FALSE,TRUE,unknown,7,2,2,13,10,5,physical therapy,blue,plum,English,psychology,government,40,England,always,sometimes,yes,yes,no,no,no,no,it's required,TRUE,TRUE,69,160,670,720,1390,3.5
101,New York,freshman,ride the subway,Right,TRUE,FALSE,SUMMER,TRUE,FALSE,basketball,volleyball,FALSE,TRUE,unknown,3,4,4,12,10,8,physical therapy,blue,apple,English,English,philosophy,10,USA,always,always,yes,yes,yes,no,no,no,it's required,FALSE,TRUE,71,180,540,670,1210,3.13
271,Russia,freshman,ride the subway,Right,TRUE,FALSE,FALL,FALSE,FALSE,figure skating,tennis,TRUE,TRUE,65,10,3,4,14.5,15,10,nutrition/food science,black,strawberry,Russian,chemistry,physics,8,Russia,always,always,yes,yes,yes,no,no,no,it's required,FALSE,TRUE,72,220,660,670,1330,3.13
84,Ukraine,freshman,ride the subway,Right,TRUE,FALSE,SPRING,FALSE,FALSE,figure skating,figure skating,TRUE,FALSE,78,2,2,3,32.5,18,10,psychology,black,strawberry,Russian,psychology,art,15,Ukraine,usually,never,yes,yes,yes,no,no,yes,chose to take,TRUE,TRUE,69,140,800,680,1480,3.62
138,India,freshman,ride the subway,Right,TRUE,FALSE,WINTER,TRUE,FALSE,basketball,basketball,TRUE,TRUE,unknown,5,3,1,10.5,8,10,undecided,blue,mango,English,math,history,21,USA,usually,never,yes,yes,yes,no,yes,yes,it's required,FALSE,TRUE,72,215,630,590,1220,3.4
157,USA,sophomore,ride the subway,Right,TRUE,FALSE,SUMMER,TRUE,FALSE,basketball,basketball,TRUE,FALSE,unknown,12,1,2,13.5,Unknown,20,film,purple,pear,English,film,science,8,USA,always,always,no,no,yes,no,no,no,chose to take,TRUE,TRUE,73,180,600,670,1270,3.56
233,Ukraine,freshman,ride the subway,Right,TRUE,TRUE,SUMMER,FALSE,FALSE,figure skating,badminton,FALSE,FALSE,70,14,1,2,15,18,10,nursing,white,watermelon,Russian,Psychology,Economics,7,Ukraine,always,always,yes,yes,yes,no,no,yes,chose to take,TRUE,TRUE,71,200,630,710,1340,2.75
166,USA,freshman,ride the subway,Right,TRUE,FALSE,SPRING,TRUE,FALSE,baseball,dance,TRUE,TRUE,unknown,0,3,2,12,15,unknown,physical therapy,brown,strawberry,English,biology,history,10,USA,always,sometimes,no,yes,yes,yes,no,yes,chose to take,TRUE,TRUE,67,145,540,640,1180,3.5
131,USA,sophomore,ride the subway,Right,TRUE,FALSE,SUMMER,TRUE,TRUE,track ,track,TRUE,TRUE,60,0,2,2,23.5,24,0,education,blue,grape,English,global studies,psychology,0,USA,always,sometimes,yes,yes,yes,no,no,no,it's required,FALSE,TRUE,72,170,640,640,1280,2.9
257,Japan,sophomore,ride the subway,Right,FALSE,FALSE,SPRING,TRUE,FALSE,none,swimming,TRUE,FALSE,60,12,2,1,58,25,1,psychology,white,orange,English,psychology,math,10,Japan,always,sometimes,yes,yes,yes,no,yes,no,it's required,TRUE,FALSE,74,180,680,740,1420,3
114,USA,junior,ride the subway,Right,TRUE,TRUE,FALL,TRUE,TRUE,figure skating,track,FALSE,FALSE,unknown,0,2,1,62,10,1,speech therapy,brown,banana,English,anthropology,math,1,USA,always,sometimes,yes,yes,yes,yes,yes,yes,it's required,TRUE,FALSE,63,99,600,600,1200,3
140,USA,freshman,ride the subway,Right,TRUE,TRUE,SUMMER,FALSE,TRUE,basketball,double dutch,TRUE,FALSE,unknown,1,0,1,12,6,1,nursing,blue,mango,English,social study,math,3,USA,always,always,yes,yes,yes,yes,yes,no,it's required,TRUE,FALSE,70,145,550,500,1050,3
112,USA,junior,ride the subway,Left,FALSE,FALSE,SUMMER,TRUE,TRUE,soccer,mountain hiking,FALSE,FALSE,60,4,2,3,168,12,1,physical education.,blue,banana,English,physics,math,4,USA,always,sometimes,no,no,yes,no,no,no,it's required,TRUE,FALSE,68,135,650,650,1300,3.08
228,Vietnam,freshman,ride the subway,Right,FALSE,FALSE,SUMMER,FALSE,FALSE,none,"football, handball",FALSE,TRUE,70,1,1,1,19,4,1,physical therapy,blue,watermelon,English,science ,English,4,USA,always,sometimes,yes,no,yes,no,no,yes,it's required,FALSE,TRUE,64,135,620,640,1260,3.6
185,Germany,freshman,walk,Right,TRUE,TRUE,SUMMER,TRUE,TRUE,basketball,basketball,FALSE,FALSE,unknown,0,1,1,Unknown,3,1,psychology,blue,watermelon,English,history,math,4,USA,always,usually,yes,yes,yes,no,yes,no,it's required,TRUE,FALSE,73,206,560,660,1220,2
50,USA,freshman,ride the bus,Right,TRUE,TRUE,WINTER,TRUE,TRUE,football,football,FALSE,FALSE,unknown,3,2,2,15,35,1,psychology,burgundy,grape,English,psychology,none,5,USA,always,usually,yes,yes,yes,yes,no,no,it's required,FALSE,FALSE,70,255,420,520,940,2.36
263,Philippines,junior,ride the subway,Right,TRUE,FALSE,SUMMER,TRUE,FALSE,basketball,volleyball,TRUE,FALSE,unknown,7,3,1,100,10,1,psychology,red,peach,Tagalog,biology,math,6,Philippines,always,always,yes,yes,yes,no,yes,yes,it's required,FALSE,FALSE,76,195,650,620,1270,2.87
168,USA,sophomore,ride the subway,Right,TRUE,FALSE,SPRING,FALSE,TRUE,boxing,bicycling,FALSE,TRUE,78,3,1,2,43,15,1,nursing,orange,strawberry,English,biology,English,9,USA,always,usually,yes,yes,yes,yes,no,no,it's required,FALSE,TRUE,66,146,690,620,1310,3.25
153,USA,freshman,ride the subway,Right,TRUE,FALSE,SPRING,FALSE,FALSE,none,none,TRUE,FALSE,unknown,2,0,1,9,9,1,sociology,blue,peach,Spanish,history,math,10,USA,always,never,yes,no,no,no,yes,yes,it's required,FALSE,FALSE,63,95,600,660,1260,3.3
52,USA,freshman,walk,Right,FALSE,TRUE,FALL,TRUE,TRUE,basketball,basketball,FALSE,FALSE,64,4,0,1,9,21,1,economics,black,kiwi,English,economics,English,14,USA,always,sometimes,yes,yes,yes,yes,yes,yes,it's required,FALSE,TRUE,72,160,620,600,1220,3
172,USA,freshman,ride the subway,Right,FALSE,FALSE,SUMMER,FALSE,TRUE,basketball,volleyball,TRUE,FALSE,unknown,0,1,1,4.5,Unknown,1,occupational therapy,black,strawberry,Greek,psychology,anatomy,14,USA,always,usually,yes,yes,yes,yes,no,no,it's required,FALSE,TRUE,66,120,560,580,1140,3.5
4,USA,sophomore,walk,Right,TRUE,FALSE,SUMMER,TRUE,FALSE,basketball,skiing,TRUE,TRUE,60,10,1,1,70,20,1,psychology,red,banana,English,media,French,15,USA,always,always,yes,yes,yes,no,no,no,it's required,TRUE,FALSE,63,110,490,630,1120,3.1
34,USA,sophomore,walk,Right,not sure,FALSE,SUMMER,TRUE,TRUE,tennis,squash,FALSE,FALSE,60,38,1,1,1,30,2,social work,green,banana,English,psychology,math,3,USA,always,always,yes,yes,yes,yes,yes,yes,it's required,TRUE,FALSE,73,205,560,640,1200,3.51
152,USA,freshman,ride the subway,Right,TRUE,FALSE,SPRING,TRUE,TRUE,basketball,gymnastics,TRUE,TRUE,unknown,4,0,1,9,7,2,pharmacy,mustard,orange,English,math,global studies,5,USA,always,sometimes,yes,yes,yes,no,no,yes,chose to take,TRUE,TRUE,72,160,620,600,1220,3
116,USA,freshman,ride the subway,Right,TRUE,FALSE,SPRING,TRUE,FALSE,hockey,soccer,FALSE,TRUE,70,12,1,1,24,7,2,psychology,gray,banana,English,English,science,5,USA,always,sometimes,no,yes,yes,no,yes,yes,it's required,FALSE,FALSE,62,120,610,800,1410,3.35
179,USA,freshman,ride the subway,Left,TRUE,FALSE,SUMMER,TRUE,FALSE,baseball,basketball,TRUE,TRUE,70,2,1,1,15,10,2,advertising,red,strawberry,English,no favorite,none,6,USA,always,always,yes,yes,yes,yes,yes,yes,it's required,TRUE,TRUE,72,240,690,550,1240,3.49
231,Guyana,freshman,ride the subway,Right,FALSE,FALSE,SPRING,TRUE,FALSE,baseball,kick ball,FALSE,TRUE,unknown,3,2,1,12,8,2,physical therapy,blue,strawberry,English,none,history,9,Guyana,always,usually,yes,yes,yes,yes,yes,yes,it's required,TRUE,FALSE,72,165,520,670,1190,3.5
2,USA,sophomore,ride the subway,Right,TRUE,TRUE,SPRING,TRUE,FALSE,tennis,tennis,TRUE,FALSE,unknown,10,2,2,27,5,2,education,burgundy,strawberry,Greek,English,religion,10,USA,always,usually,no,no,yes,no,yes,yes,chose to take,TRUE,FALSE,66,120,520,630,1150,2.5
60,USA,sophomore,ride the subway,Left,TRUE,TRUE,FALL,TRUE,TRUE,gymnastics,walking,FALSE,TRUE,unknown,8,2,3,40,2,2,psychology,purple,peach,English,psychology,math,10,USA,always,usually,no,no,yes,no,no,no,it's required,TRUE,FALSE,73,215,600,600,1200,3.4
188,USA,junior,ride the subway,Right,FALSE,TRUE,SPRING,FALSE,TRUE,baseball,swimming,TRUE,TRUE,unknown,5,6,7,61,25,2,nursing,purple,watermelon,English,math,health education,10,USA,sometimes,always,yes,no,yes,no,yes,no,it's required,FALSE,TRUE,67,140,650,550,1200,3.1
11,Dominican Republic,freshman,ride the subway,Left,TRUE,TRUE,WINTER,TRUE,FALSE,baseball,volleyball,TRUE,FALSE,67,20,1,2,12,10,2,community health,green,peach,Spanish,math,none,10,Dominican Republic,always,sometimes,yes,yes,yes,no,yes,yes,it's required,FALSE,TRUE,65,140,500,670,1170,2.09
58,China,freshman,ride the subway,Right,FALSE,TRUE,SPRING,TRUE,FALSE,gymnastics,bicycling,FALSE,TRUE,149,1,0,1,15.5,10,2,chemistry,green,orange,Chinese,computer,English,12,USA,always,sometimes,yes,yes,yes,no,no,no,it's required,FALSE,TRUE,71,155,590,610,1200,3.7
47,USA,freshman,ride the subway,Right,TRUE,TRUE,SUMMER,TRUE,FALSE,figure skating,tennis,TRUE,FALSE,unknown,3,1,2,20,10,3,elementary Education,purple,cantaloupe,English,Spanish,history,6,USA,always,sometimes,yes,yes,yes,no,yes,yes,it's required,FALSE,FALSE,69,161,550,650,1200,3.16
106,USA,freshman,ride the subway,Right,TRUE,TRUE,SPRING,FALSE,TRUE,basketball,basketball,TRUE,FALSE,74,2,2,2,42,5,3,nursing,red,apple,Spanish,biology,English,7,USA,always,never,yes,yes,yes,no,no,yes,chose to take,TRUE,TRUE,65,114,600,550,1150,3.2
125,USA,freshman,ride the subway,Right,TRUE,FALSE,SUMMER,TRUE,TRUE,football,football,FALSE,FALSE,unknown,3,1,2,24,10,3,science,blue,cherry,English,science,none,15,USA,always,usually,yes,yes,yes,no,no,yes,chose to take,NOT SURE,TRUE,74,185,570,580,1150,3.4
93,USA,freshman,"ride the subway, ride the bus",Right,FALSE,TRUE,FALL,FALSE,FALSE,boxing,running,FALSE,TRUE,68,4,1,2,12,20,3,physical therapy,blue,grapefruit,English,English,history,16,USA,always,always,yes,yes,yes,yes,no,no,it's required,FALSE,TRUE,69,130,620,630,1250,3.15
255,Japan,sophomore,ride the subway,Right,TRUE,TRUE,WINTER,TRUE,FALSE,basketball,figure skating,FALSE,FALSE,85,5,1,2,15,10,4,sociology,red,banana,Japanese,sociology,math,1,Japan,always,sometimes,yes,no,yes,no,yes,no,it's required,TRUE,FALSE,70,182,600,620,1220,3.77
202,India,freshman,ride the subway,Right,TRUE,TRUE,SUMMER,FALSE,FALSE,basketball,basketball,TRUE,FALSE,unknown,8,1,2,12,11,4,psychology,green,apple,English,English,Spanish,6,India,always,sometimes,no,yes,yes,no,no,no,it's required,TRUE,FALSE,66,150,610,680,1290,3.1
68,Dominican Republic,freshman,ride the subway,Right,TRUE,TRUE,SUMMER,FALSE,TRUE,baseball,swimming,FALSE,FALSE,unknown,3,1,2,27,28,4,accounting,blue,apple,Spanish,accounting,English,8,Dominican Rep,always,sometimes,yes,no,yes,no,yes,yes,chose to take,FALSE,TRUE,66,146,690,620,1310,3.25
6,Guatemala,freshman,ride the subway,Right,not sure,FALSE,FALL,FALSE,TRUE,boxing,soccer,FALSE,TRUE,unknown,6,2,2,26,16,4,computer science,burgundy,orange,Spanish,computer,art history,10,Guatemala,always,usually,no,yes,yes,yes,no,no,it's required,FALSE,TRUE,65,114,600,550,1150,3.2
15,Lebanon,freshman,ride the subway,Left,TRUE,FALSE,SPRING,TRUE,TRUE,basketball,softball,FALSE,FALSE,unknown,6,2,1,17,4,5,accounting,brown,cherry,Arabic,math,science,2,Lebanon,always,never,yes,yes,yes,no,no,no,it's required,NOT SURE,TRUE,72,165,700,650,1350,3
277,Uzbekistan,freshman,ride the subway,Right,TRUE,FALSE,SPRING,FALSE,FALSE,volleyball,walking,TRUE,TRUE,93,0,1,2,16,25,5,accounting,black,plumbs,Russian,math,history,10,Uzbekistan,always,usually,yes,yes,yes,no,yes,yes,chose to take,NOT SURE,TRUE,74,145,560,620,1180,3
261,Norway,sophomore,walk,Right,FALSE,FALSE,SUMMER,TRUE,FALSE,dance,dance,TRUE,FALSE,82,1,1,1,33,18,5,psychology,red,orange,English,psychology,math,10,Norway,always,always,yes,yes,yes,yes,yes,yes,it's required,FALSE,FALSE,70,150,650,680,1330,3.7
258,Japan,freshman,"walk, ride the subway, ride the bus",Right,TRUE,TRUE,WINTER,TRUE,FALSE,swimming,soccer,FALSE,FALSE,unknown,3,0,1,8,35,5,psychology,white,pear,Asian,gym,physics,24,Japan,always,sometimes,yes,yes,yes,yes,no,no,it's required,FALSE,FALSE,69,230,520,590,1110,2.9
44,USA,freshman,ride the subway,Left,FALSE,FALSE,SUMMER,TRUE,TRUE,basketball,volleyball,FALSE,FALSE,93,1,1,2,28,12,6,accounting,blue,banana,Spanish,math,English,7,USA,always,never,yes,yes,yes,yes,no,yes,it's required,FALSE,TRUE,72,174,560,550,1110,3.3
207,Kuwait,freshman,ride the subway,Right,TRUE,TRUE,SUMMER,FALSE,FALSE,basketball,none,FALSE,FALSE,unknown,0,1,1,12,Unknown,unknown,psychology,blue,watermelon,Urdu,psychology,none,1,Kuwait,always,usually,yes,yes,yes,no,no,no,it's required,FALSE,FALSE,63,130,660,720,1380,3.88
135,USA,freshman,ride the subway,Right,TRUE,FALSE,SUMMER,TRUE,FALSE,figure skating,softball,TRUE,FALSE,54,0,1,1,15,4,unknown,physical therapy,lilac,kiwi,English,math,history,2,USA,always,always,yes,no,yes,no,yes,yes,it's required,FALSE,TRUE,67,129,470,600,1070,2.6
107,USA,freshman,ride the bus,Right,TRUE,TRUE,SUMMER,TRUE,TRUE,none,baseball,TRUE,FALSE,21,3,1,1,78,5,0,anthropology,yellow,apple,English,Spanish,math,8,USA,always,always,yes,yes,yes,yes,no,yes,it's required,TRUE,FALSE,66,128,640,680,1320,2.77
89,USA,sophomore,walk,Right,TRUE,TRUE,FALL,TRUE,TRUE,baseball,bicycling,FALSE,FALSE,unknown,3,5,6,46,10,1,recreational therapy,green,apple,English,none,none,0,USA,always,sometimes,yes,yes,yes,yes,yes,yes,chose to take,FALSE,TRUE,68,145,680,570,1250,2.6
190,Yugoslavia,freshman,ride the bus,Right,FALSE,TRUE,SPRING,TRUE,TRUE,baseball,tennis,FALSE,FALSE,60,1,1,1,6,8,1,business management,pink,strawberry,English,math,chemistry,4,Austria,always,sometimes,yes,no,yes,no,no,no,it's required,FALSE,TRUE,72,128,550,600,1150,3.7
66,Brazil,freshman,"ride the subway, ride the bus",Right,TRUE,TRUE,FALL,FALSE,FALSE,volleyball,walking,TRUE,FALSE,49,3,3,2,85,18,2,romance,red,apple,Portuguese,language,physics,3,brazil,always,always,yes,yes,yes,no,no,yes,it's required,FALSE,TRUE,67,145,540,640,1180,3.5
183,USA,freshman,ride the subway,Right,FALSE,TRUE,SPRING,TRUE,FALSE,basketball,basketball,FALSE,TRUE,63,0,1,1,13,4,2,physical therapy,blue,watermelon,English,math,history,15,USA,always,sometimes,yes,yes,yes,no,no,yes,it's required,FALSE,TRUE,62,125,660,520,1180,3.13
230,Guyana,freshman,ride the subway,Right,TRUE,TRUE,SUMMER,TRUE,TRUE,track,volleyball,TRUE,FALSE,70,0,1,2,14,6,3,nutrition,blue,mango,English,communication,writing,8,Guyana,always,always,yes,yes,yes,yes,yes,yes,it's required,FALSE,TRUE,71,180,620,640,1260,3.4
253,Jamaica,freshman,ride the subway,Right,TRUE,FALSE,SUMMER,FALSE,FALSE,basketball,volleyball,TRUE,TRUE,unknown,5,1,1,27.5,10,3,nursing,blue,banana,English,history,math,10,Jamaica,always,usually,yes,yes,yes,yes,yes,yes,it's required,FALSE,FALSE,71,170,660,560,1220,2.81
186,USA,freshman,ride the subway,Right,TRUE,FALSE,SPRING,TRUE,TRUE,baseball,baseball,FALSE,TRUE,unknown,2,1,2,16,4,5,health education.,brown,watermelon,Spanish,computer,English,2,USA,always,usually,no,yes,yes,no,yes,yes,it's required,TRUE,FALSE,76,275,610,640,1250,3.6
26,Guyana,freshman,"ride the subway, ride the bus",Right,FALSE,TRUE,SPRING,TRUE,FALSE,basketball,volleyball,FALSE,FALSE,unknown,1,1,1,0,Unknown,5,accounting,black,mango,English,math,science,5,Guyana,always,usually,no,yes,yes,no,no,no,it's required,TRUE,TRUE,68,190,550,560,1110,2.5
110,USA,freshman,ride the subway,Left,TRUE,FALSE,SUMMER,TRUE,TRUE,basketball,volleyball,FALSE,TRUE,unknown,0,7,8,111,10,unknown,sociology,blue,banana,Spanish,language,writing,5,USA,always,sometimes,yes,no,yes,no,no,yes,it's required,FALSE,TRUE,60,115,670,700,1370,3.7
158,USA,nondegree student,walk,Left,TRUE,FALSE,SPRING,FALSE,TRUE,football,golf,FALSE,FALSE,unknown,5,0,1,9,5,2,accounting,red,pear,English,no favorite,none,6,USA,always,always,yes,no,yes,no,no,no,it's required,TRUE,TRUE,71,155,590,610,1200,3.7
198,Guyana,freshman,ride the bus,Right,FALSE,FALSE,FALL,TRUE,FALSE,basketball,basketball,FALSE,FALSE,unknown,1,3,2,107.5,10,2,sociology,blue,banana,English,history,English,10,Guyana,sometimes,sometimes,yes,yes,yes,no,yes,yes,it's required,FALSE,FALSE,73,155,730,740,1470,3.21
176,Dominican Republic,freshman,ride the subway,Right,FALSE,FALSE,SPRING,FALSE,FALSE,baseball,baseball,FALSE,FALSE,unknown,2,2,1,12,5,2,computer science,blue,strawberry,Spanish,Spanish,science,14,USA,always,usually,yes,yes,no,no,yes,yes,it's required,FALSE,TRUE,65,155,640,640,1280,3.7
225,USA,freshman,ride the subway,Right,TRUE,TRUE,FALL,FALSE,FALSE,baseball,volleyball,FALSE,FALSE,80,11,1,1,18,12,3,engineering,black,peach,Spanish,math,English,10,USA,always,sometimes,yes,yes,yes,no,no,no,it's required,FALSE,TRUE,65,135,550,650,1200,2.94
241,Dominican Republic,freshman,ride the subway,Right,FALSE,TRUE,SUMMER,TRUE,FALSE,baseball,volleyball,TRUE,FALSE,unknown,10,2,2,60,13,4,sociology,orange,grape,Spanish,literature,math,3,Dominican Rep,always,usually,yes,no,yes,no,yes,no,it's required,TRUE,FALSE,71,193,630,620,1250,3.25
264,Poland,freshman,ride the subway,Right,TRUE,TRUE,SUMMER,FALSE,FALSE,volleyball,volleyball,FALSE,FALSE,80,5,1,2,8,15,10,nursing,black,apple,Polish,music,history,8,Poland,always,usually,no,yes,yes,no,yes,yes,it's required,FALSE,TRUE,59,115,520,520,1040,3.3
193,USA,freshman,"walk, ride the subway",Right,TRUE,TRUE,FALL,FALSE,TRUE,baseball,volleyball,TRUE,TRUE,78,2,1,2,16,18,1,media studies/communication,black,pear,Spanish,English,"sociology, chemistry",35,Dominican Republic,always,never,no,no,no,no,yes,yes,it's required,NOT SURE,FALSE,69,130,620,630,1250,3.15
81,Russia,freshman,ride the subway,Right,TRUE,FALSE,SUMMER,FALSE,FALSE,basketball,walking,FALSE,FALSE,70,4,5,4,11,18,10,computers,blue,apple,Russian,math,none,14,Russia,always,sometimes,yes,no,yes,no,yes,no,it's required,TRUE,FALSE,69,165,530,610,1140,2.7
100,USA,junior,ride the subway,Right,FALSE,TRUE,SPRING,FALSE,TRUE,figure skating,soccer,FALSE,TRUE,unknown,5,1,2,12,5,1,psychology,black,apple,English,psychology,math,2,USA,always,sometimes,yes,yes,yes,no,yes,no,it's required,TRUE,FALSE,70,155,610,640,1250,3.33
41,USA,freshman,ride the subway,Right,FALSE,TRUE,SUMMER,FALSE,TRUE,basketball,soccer,FALSE,FALSE,62,3,2,2,53.5,10,1,nursing,black,apple,English,math,history,7,USA,always,sometimes,yes,yes,yes,no,no,no,it's required,NOT SURE,TRUE,60,98,490,550,1040,3.1
127,El Salvador,nondegree student,ride the subway,Right,TRUE,FALSE,SUMMER,TRUE,FALSE,soccer,baseball,TRUE,FALSE,unknown,3,1,2,65,8,1,psychology,black,coconut,Spanish,math,science,8,USA,usually,usually,yes,no,yes,yes,yes,yes,it's required,TRUE,FALSE,72,165,500,500,1000,3.3
1,Dominican Republic,freshman,ride the subway,Left,TRUE,TRUE,SUMMER,FALSE,FALSE,basketball,basketball,TRUE,FALSE,unknown,4,4,4,Unknown,24,1,physical therapy,green,mango,English,physics,anthropology,8,Dominican Rep,always,usually,yes,yes,yes,no,no,no,it's required,TRUE,TRUE,71,180,540,670,1210,3.13
163,USA,freshman,ride the subway,Right,TRUE,TRUE,SUMMER,FALSE,TRUE,body building,none,FALSE,FALSE,82,5,2,1,56,12,1,physical therapy,blue,pineapple,English,English,algebra,24,USA,always,usually,yes,no,yes,no,yes,no,it's required,TRUE,FALSE,73,185,650,530,1180,2.5
235,Bangladesh,freshman,ride the subway,Right,TRUE,TRUE,SPRING,FALSE,FALSE,cricket,none,FALSE,FALSE,72,13,1,1,5,24,1,undecided,white,mango,Bengali,physics,chemistry,30,Bangladesh,always,sometimes,no,no,no,no,yes,no,chose to take,TRUE,FALSE,71,265,440,460,900,2.7
234,Armenia,sophomore,ride the subway,Right,FALSE,TRUE,SPRING,TRUE,TRUE,baseball,baseball,TRUE,FALSE,73,0,0,1,97,27,2,undecided,green,apple,Armenian,biology,history,11,Armenia,always,sometimes,yes,yes,yes,no,no,no,it's required,FALSE,TRUE,71,138,730,650,1380,3.56
211,Philippines,freshman,ride the subway,Right,TRUE,FALSE,SPRING,FALSE,FALSE,basketball,basketball,TRUE,FALSE,unknown,0,3,1,12,12,3,computer science,blue,kiwi,Tagalog,literature,history,3,Philippines,usually,usually,no,yes,yes,no,no,no,it's required,TRUE,FALSE,75,156,550,710,1260,2.8
75,India,freshman,ride the subway,Right,TRUE,FALSE,SUMMER,FALSE,FALSE,baseball,badminton,TRUE,FALSE,84,15,2,2,37.5,16,10,undecided,green,cherry,Hindi,math,English,20,India,always,sometimes,yes,yes,yes,no,no,no,it's required,FALSE,TRUE,64,143,430,610,1040,3.25
37,USA,sophomore,ride the subway,Right,TRUE,TRUE,SUMMER,FALSE,FALSE,basketball,basketball,FALSE,FALSE,80,3,0,1,30,12,20,accounting,purple,orange,Ebonics,math,English,14,USA,always,never,yes,yes,yes,yes,yes,yes,chose to take,TRUE,TRUE,64,130,570,570,1140,2.4
205,Jamaica,junior,ride the subway,Right,FALSE,FALSE,SPRING,TRUE,TRUE,figure skating,aerobics,TRUE,FALSE,unknown,0,2,3,82,Unknown,unknown,nursing,all,mango,English,no favorite,economics,1,Jamaica,always,never,yes,yes,yes,no,no,no,it's required,TRUE,FALSE,65,140,670,710,1380,3.8
192,Dominican Republic,freshman,ride the subway,Right,TRUE,TRUE,SUMMER,TRUE,TRUE,volleyball,volleyball,TRUE,FALSE,unknown,12,1,1,42,10,1,psychology,white,watermelon,Spanish,history,math,2,Dominican Rep.,always,usually,yes,yes,yes,no,yes,yes,it's required,FALSE,FALSE,62,140,650,550,1200,2.9
48,Dominican Republic,sophomore,ride the subway,Right,TRUE,FALSE,SUMMER,FALSE,FALSE,baseball,baseball,FALSE,TRUE,unknown,2,2,2,12,2,1,sociology,yellow,cherry,Spanish,math,none,6,USA,always,sometimes,no,yes,yes,no,no,yes,it's required,TRUE,TRUE,64,130,640,730,1370,3.84
145,USA,junior,drive,Right,FALSE,TRUE,FALL,TRUE,TRUE,football,football,FALSE,TRUE,68,0,1,2,85,2,1,nursing,blue,orange,English,no favorite,literature,15,USA,always,sometimes,yes,yes,yes,no,no,no,it's required,FALSE,TRUE,74,160,630,690,1320,2.9
154,USA,freshman,ride the subway,Right,TRUE,FALSE,SUMMER,FALSE,FALSE,basketball,baseball,FALSE,TRUE,70,100,2,2,50,10,1,psychology,blue,peach,English,psychology,math,20,USA,always,always,yes,yes,yes,yes,no,no,it's required,TRUE,FALSE,64,115,580,680,1260,3.7
33,USA,junior,ride the subway,Right,TRUE,FALSE,SUMMER,TRUE,TRUE,soccer,walking,TRUE,TRUE,unknown,10,1,2,72,10,2,community health,purple,pear,English,women's studies,math,0,USA,always,sometimes,yes,yes,yes,yes,yes,yes,it's required,FALSE,TRUE,62,119,560,580,1140,3.28
259,Peru,junior,ride the subway,Right,TRUE,FALSE,FALL,FALSE,FALSE,gymnastics,gymnastics,FALSE,FALSE,63,2,2,1,68,15,2,psychology,black,peach,English,psychology,art,6,Peru,always,always,yes,no,yes,yes,no,yes,it's required,FALSE,TRUE,70,222,510,730,1240,3.5
35,USA,senior,"walk, ride the subway, ride the bus",Right,FALSE,TRUE,FALL,TRUE,TRUE,figure skating,swimming,TRUE,TRUE,unknown,15,1,1,12,Unknown,3,education,purple,orange,English,religion,chemistry-lab,3,USA,sometimes,usually,yes,no,yes,no,no,yes,chose to take,FALSE,TRUE,67,129,470,600,1070,2.6
19,USA,freshman,ride the subway,Right,FALSE,TRUE,SUMMER,TRUE,TRUE,"basketball, boxing",volleyball,TRUE,FALSE,unknown,10,8,8,56.5,Unknown,3,community health,blue,banana,English,black studies,chemistry,10,USA,usually,always,yes,yes,yes,no,yes,yes,it's required,FALSE,TRUE,68,145,560,570,1130,2.9
129,USA,sophomore,ride the subway,Right,TRUE,FALSE,SUMMER,TRUE,TRUE,basketball,bowling,FALSE,TRUE,unknown,2,5,6,68,8,3,special education,black,grape,English,no favorite,math,20,USA,always,sometimes,yes,no,yes,no,yes,yes,it's required,FALSE,FALSE,66,126,610,650,1260,3.79
22,USA,sophomore,ride the subway,Right,FALSE,FALSE,SUMMER,TRUE,TRUE,baseball,volleyball,TRUE,TRUE,70,3,1,2,28.5,30,4,physical therapy,navy,orange,English,math,org. chemistry,13,USA,always,sometimes,yes,yes,yes,no,yes,yes,it's required,TRUE,TRUE,70,167,550,680,1230,3.3
194,Ecuador,freshman,ride the subway,Right,FALSE,TRUE,FALL,TRUE,FALSE,track,track,TRUE,TRUE,87,1,3,2,6,14,4,English,blue,lemon,Spanish,English,chemistry,14,Ecuador,always,always,yes,no,yes,no,no,yes,it's required,FALSE,FALSE,70,170,530,590,1120,3.88
164,USA,freshman,ride the subway,Right,TRUE,TRUE,SUMMER,TRUE,TRUE,figure skating,bicycling,FALSE,TRUE,unknown,1,2,1,12,20,4,education,green,pineapple,English,math,English,20,USA,always,usually,yes,yes,yes,yes,no,yes,chose to take,FALSE,TRUE,70,185,650,650,1300,3.2
85,Uzbekistan,freshman,ride the subway,Right,TRUE,TRUE,SPRING,TRUE,FALSE,figure skating,tennis,FALSE,TRUE,unknown,12,1,1,6,10,6,computers,gray,apple,Russian,psychology,French,4,Uzbekistan,always,usually,yes,yes,yes,no,yes,no,it's required,FALSE,TRUE,73,206,560,660,1220,2
59,USA,junior,ride the subway,Right,TRUE,FALSE,SPRING,TRUE,FALSE,basketball,tennis,FALSE,TRUE,unknown,4,2,1,74,6,10,early childhood Education,brown,peach,Arabic,psychology,science,4,USA,always,usually,yes,yes,yes,no,yes,no,it's required,FALSE,FALSE,66,110,550,520,1070,4
51,USA,junior,drive,Left,FALSE,TRUE,SUMMER,TRUE,TRUE,diving,walking,TRUE,TRUE,72,10,4,4,9,4,10,nursing,orange,grape,English,science,history,20,USA,always,usually,yes,yes,yes,yes,yes,yes,it's required,TRUE,TRUE,65,160,500,480,980,2.9
115,USA,freshman,ride the subway,Right,FALSE,FALSE,FALL,TRUE,TRUE,racing,racing,FALSE,TRUE,unknown,2,2,1,24,15,30,education,brown,banana,Greek,English,sociology,1,USA,always,sometimes,yes,yes,yes,no,yes,yes,it's required,TRUE,TRUE,72,165,700,650,1350,3
65,Antigua,sophomore,ride the subway,Right,TRUE,TRUE,SPRING,TRUE,FALSE,none,none,FALSE,FALSE,60,3,1,1,6,4,1,nursing,black,apple,English,English,math,5,Antigua,always,always,yes,yes,yes,no,yes,yes,it's required,TRUE,FALSE,79,209,560,520,1080,3.1
240,Dominican Republic,sophomore,ride the subway,Right,FALSE,TRUE,SUMMER,TRUE,TRUE,tennis,bicycling,FALSE,FALSE,70,3,1,1,76,15,2,physical therapy,purple,cherry,Spanish,literature,math,2,USA,always,sometimes,yes,yes,yes,no,yes,no,it's required,TRUE,FALSE,64,138,530,580,1110,2.6
56,USA,junior,ride the subway,Right,FALSE,FALSE,SPRING,TRUE,TRUE,basketball,football,FALSE,TRUE,69,20,2,3,70,10,2,video,blue,orange,English,history,English,20,USA,always,sometimes,yes,no,no,no,no,no,it's required,FALSE,TRUE,65,135,630,620,1250,3.6
12,Philippines,freshman,ride the subway,Right,TRUE,TRUE,SPRING,TRUE,FALSE,baseball,tennis,TRUE,FALSE,80,5,2,3,21,20,3,nursing,blue,mango,English,math,science,15,Philippines,always,always,yes,yes,yes,no,no,no,it's required,FALSE,TRUE,68,135,650,650,1300,3.08
32,Guyana,freshman,ride the subway,Right,FALSE,FALSE,SPRING,TRUE,FALSE,basketball,volleyball,TRUE,TRUE,unknown,12,4,2,24,10,4,pediatric nursing,green,blueberry,English,history,chemistry,14,Guyana,always,sometimes,yes,no,yes,no,no,no,it's required,FALSE,TRUE,67,158,490,520,1010,2.68
167,USA,freshman,drive,Right,TRUE,FALSE,SUMMER,TRUE,TRUE,baseball,volleyball,FALSE,FALSE,unknown,2,1,1,12,3,5,physical therapy,green,strawberry,English,no favorite,none,5,USA,always,sometimes,yes,yes,yes,yes,no, ,it's required,FALSE,TRUE,66,140,640,600,1240,3
210,Pakistan,freshman,ride the subway,Right,TRUE,TRUE,WINTER,FALSE,FALSE,football,volleyball,FALSE,FALSE,unknown,2,4,5,12,18,7,science,brown,orange,Urdu,math,English,5,Pakistan,always,sometimes,yes,yes,yes,yes,yes,no,it's required,FALSE,FALSE,63,145,670,750,1420,3.6
36,New York,junior,ride the subway,Right,FALSE,FALSE,SPRING,TRUE,TRUE,figure skating,badminton,TRUE,FALSE,1,0,0,1,70,35,unknown,psychology,navy,grape,English,map of knowledge,math,84,USA,usually,usually,yes,yes,yes,no,yes,no,it's required,NOT SURE,FALSE,67,145,680,670,1350,3.85
252,Jamaica,sophomore,ride the subway,Ambidextrous,FALSE,TRUE,FALL,TRUE,FALSE,basketball,tennis,FALSE,FALSE,unknown,20,0,1,0,30,1,nursing,black,cantaloupe,English,biology,math,14,USA,always,never,yes,yes,yes,no,yes,yes,it's required,FALSE,FALSE,63,120,700,550,1250,2.89
180,USA,sophomore,ride the subway,Right,FALSE,FALSE,SUMMER,TRUE,TRUE,figure skating,running,FALSE,TRUE,unknown,10,1,1,9,6,2,undecided,green,strawberry,English,psychology,math,3,USA,usually,sometimes,yes,yes,yes,yes,yes,yes,it's required,TRUE,TRUE,65,160,550,550,1100,3.83
71,Guyana,sophomore,ride the subway,Right,TRUE,FALSE,SUMMER,TRUE,FALSE,basketball,running,FALSE,FALSE,79,30,3,3,30,6,2,psychology,blue,banana,English,math,English,4,Guyana,always,usually,yes,yes,yes,no,no,yes,it's required,NOT SURE,TRUE,65,160,580,640,1220,3.64
169,USA,junior,ride the subway,Right,TRUE,TRUE,FALL,TRUE,TRUE,track,softball,FALSE,TRUE,unknown,6,2,1,3,3,2,psychology,green,strawberry,English,psychology,math,4,USA,usually,usually,yes,yes,yes,yes,yes,yes,it's required,FALSE,TRUE,68,130,600,580,1180,2.4
102,USA,freshman,ride the subway,Right,FALSE,TRUE,SPRING,TRUE,TRUE,none,baseball,TRUE,FALSE,unknown,4,2,2,120,20,2,geography,blue,apple,English,English,economics,5,USA,sometimes,always,yes,yes,yes,no,no,no,chose to take,TRUE,FALSE,66,120,520,630,1150,2.5
208,Mexico,freshman,ride the subway,Right,TRUE,TRUE,SPRING,TRUE,FALSE,soccer,soccer,FALSE,TRUE,unknown,2,3,3,65,20,4,physical education,yellow,watermelon,Spanish,Italian,English,30,Mexico,always,sometimes,yes,yes,yes,yes,no,no,it's required,TRUE,FALSE,74,210,630,660,1290,2.75
28,Jamaica,freshman,ride the subway,Left,FALSE,FALSE,SPRING,TRUE,FALSE,baseball,walking,FALSE,FALSE,80,1,2,3,25,30,5,registered nurse,red,peach,English,math,chemistry,5,Jamaica,always,sometimes,yes,yes,yes,no,no,yes,chose to take,FALSE,TRUE,62,175,610,620,1230,3.5
182,USA,freshman,ride the subway,Right,TRUE,FALSE,SUMMER,TRUE,TRUE,basketball,volleyball,TRUE,TRUE,unknown,12,2,3,15,Unknown,6,education,blue,watermelon,Spanish,no favorite,science,10,USA,always,never,no,yes,yes,yes,no,yes,chose to take,FALSE,FALSE,73,200,520,620,1140,2.8
244,Haiti,sophomore,ride the subway,Right,TRUE,TRUE,SPRING,TRUE,TRUE,soccer,soccer,FALSE,FALSE,100,10,1,1,0,12,15,psychology,brown,kiwi,French,math,biology,6,USA,always,always,yes,yes,yes,yes,yes,yes,it's required,TRUE,FALSE,70,155,590,620,1210,2.9
77,Jamaica,freshman,ride the subway,Right,TRUE,TRUE,SUMMER,FALSE,FALSE,gymnastics,volleyball,FALSE,TRUE,29,10,2,1,51,5,2,nutrition,blue,strawberry,English,English,math,20,Jamaica,always,never,yes,yes,yes,yes,yes,yes,it's required,FALSE,FALSE,67,119,490,590,1080,2.1
13,USA,junior,ride the subway,Right,FALSE,TRUE,FALL,TRUE,TRUE,boxing,walking,FALSE,TRUE,76,10,1,2,36,3,1,nursing,green,plum,Spanish,Puerto Rican studies,chemistry,15,USA,always,never,yes,yes,yes,no,yes,yes,it's required,TRUE,FALSE,63,110,590,610,1200,3.86
171,USA,freshman,ride the subway,Right,TRUE,FALSE,SUMMER,FALSE,TRUE,basketball,volleyball,FALSE,TRUE,68,4,3,3,46,14,1,medicine,black,strawberry,Spanish,science,math,21,USA,always,sometimes,yes,yes,yes,yes,no,yes,it's required,FALSE,FALSE,65,160,580,640,1220,3.64
30,USA,sophomore,ride the subway,Right,FALSE,TRUE,SUMMER,TRUE,TRUE,gymnastics,volleyball,FALSE,FALSE,105,3,3,2,58,5,2,community health,navy,grape,English,women studies,math,10,Trinidad,always,usually,yes,yes,yes,no,yes,yes,it's required,TRUE,NOT SURE,70,187,500,560,1060,3.3
136,Philippines,freshman,walk,Right,TRUE,FALSE,SUMMER,TRUE,FALSE,basketball,volleyball,FALSE,FALSE,unknown,0,0,1,0,10,2,physical therapy,black,mango,English,math,English,25,USA,usually,always,yes,yes,yes,no,no,no,chose to take,FALSE,TRUE,67,145,680,670,1350,3.85
31,Trinadad,sophomore,ride the subway,Right,TRUE,FALSE,SUMMER,FALSE,FALSE,basketball,basketball,FALSE,TRUE,59,2,2,2,27,10,1,computer science,purple,strawberry,English,math,history,8,Trinidad,always,sometimes,no,yes,yes,yes,no,no,it's required,FALSE,TRUE,72,170,640,640,1280,2.9
130,USA,freshman,ride the subway,Left,TRUE,FALSE,SUMMER,FALSE,TRUE,none,volleyball,FALSE,FALSE,unknown,2,3,2,50,8,1,psychology,black,grape,English,psychology,science,10,USA,always,usually,yes,no,yes,yes,no,yes,it's required,TRUE,FALSE,70,187,500,560,1060,3.3
62,USA,freshman,ride the subway,Right,TRUE,TRUE,SPRING,TRUE,TRUE,swimming,swimming,TRUE,TRUE,unknown,5,2,2,15,10,4,tax law,all,strawberry,Greek,math,physics,2,USA,always,always,no,no,yes,no,yes,no,it's required,FALSE,TRUE,72,195,600,600,1200,3.1
55,USA,freshman,ride the subway,Right,TRUE,TRUE,WINTER,TRUE,TRUE,basketball,volleyball,FALSE,FALSE,70,15,1,1,45,10,5,biology,purple,mango,English,English,history,3,USA,always,sometimes,yes,yes,yes,no,no,yes,it's required,FALSE,TRUE,64,120,490,520,1010,2.9
38,USA,nondegree student,ride the subway,Right,TRUE,TRUE,FALL,TRUE,TRUE,gymnastics,golf,TRUE,TRUE,unknown,2,3,1,46,10,5,theater & psychology,black,pear,English,philosophy,math,11,USA,always,usually,yes,no,yes,yes,yes,no,it's required,TRUE,FALSE,72,215,630,590,1220,3.4
274,Sweden,freshman,walk,Right,FALSE,FALSE,SUMMER,TRUE,FALSE,boxing,volleyball,FALSE,FALSE,53,5,1,1,17.5,30,6,psychology,black,orange,English,math,science,4,Sweden,always,usually,yes,yes,yes,no,no,no,it's required,FALSE,TRUE,68,135,690,650,1340,3.2
132,USA,sophomore,walk,Right,TRUE,TRUE,SPRING,TRUE,FALSE,none,none,TRUE,FALSE,unknown,4,4,2,42,Unknown,unknown,nutrition,purple,grape,English,music,history,10,USA,always,sometimes,no,no,yes,yes,no,no,it's required,TRUE,TRUE,67,158,490,520,1010,2.68
54,USA,freshman,ride the subway,Right,TRUE,FALSE,SPRING,FALSE,TRUE,basketball,basketball,FALSE,FALSE,unknown,6,2,2,9,5,1,physical therapy,gray,mango,English,English,science,5,USA,always,usually,no,no,no,no,no,no,it's required,NOT SURE,FALSE,64,115,580,680,1260,3.7
25,Dominican Republic,freshman,ride the subway,Right,TRUE,TRUE,WINTER,FALSE,FALSE,baseball,volleyball,TRUE,TRUE,5,1,1,2,24,48,2,dentistry,red,strawberry,Spanish,sociology,political science,4,Dominican Republic,always,sometimes,yes,yes,yes,no,yes,yes,it's required,TRUE,FALSE,74,185,570,580,1150,3.4
151,USA,sophomore,ride the subway,Right,TRUE,FALSE,SPRING,TRUE,TRUE,basketball,tennis,FALSE,FALSE,80,4,4,4,60,10,2,nursing,red,orange,English,biology,math,12,USA,always,usually,yes,yes,yes,no,no,no,it's required,TRUE,FALSE,65,160,500,480,980,2.9
181,USA,freshman,ride the subway,Right,TRUE,TRUE,SUMMER,TRUE,FALSE,basketball,basketball,TRUE,FALSE,75,7,5,4,12,8,3,nursing,black,tangerine,English,English,chemistry,10,USA,always,sometimes,yes,yes,yes,yes,no,no,it's required,FALSE,TRUE,69,165,530,610,1140,2.7
74,Haiti,sophomore,ride the bus,Right,TRUE,TRUE,FALL,TRUE,FALSE,soccer,soccer,FALSE,FALSE,unknown,1,1,1,64,12,1,health education,yellow,orange,French,English,math,3,Haiti,always,always,yes,yes,yes,no,yes,no,it's required,TRUE,FALSE,69,155,620,660,1280,3.4
275,Trinadad,freshman,ride the subway,Right,FALSE,TRUE,SPRING,TRUE,FALSE,swimming,walking,FALSE,TRUE,unknown,0,1,1,12,10,2,nutrition,purple,papaya,English,food science,none,4,Trinidad,sometimes,usually,yes,yes,yes,yes,no,yes,it's required,FALSE,FALSE,67,140,630,610,1240,3.25
242,Egypt,freshman,ride the subway,Right,TRUE,TRUE,SUMMER,FALSE,FALSE,Chess,Chess,FALSE,FALSE,75,2,1,1,24,1,2,lab technology,blue,banana,Arabic,biology,sociology,7,Egypt,always,always,no,no,yes,no,no,no,it's required,FALSE,TRUE,71,170,600,620,1220,3.3
218,USA,freshman,"ride the subway, ride the bus",Right,TRUE,FALSE,SUMMER,TRUE,FALSE,none,volleyball,FALSE,FALSE,unknown,4,3,4,21,10,3,psychology,green,mango,Spanish,English,history,20,USA,always,sometimes,yes,yes,yes,no,yes,no,it's required,TRUE,TRUE,67,122,560,640,1200,3.2
238,Columbia,sophomore,ride the subway,Right,FALSE,TRUE,SUMMER,TRUE,FALSE,swimming,swimming,TRUE,FALSE,unknown,0,1,1,11,3.5 h,10,medical lab,brown,peach,Spanish,science,English,3,"Bogota, Columbia",always,usually,no,no,yes,no,yes,yes,it's required,FALSE,FALSE,70,165,630,560,1190,3.5
260,USA,freshman,ride the subway,Right,TRUE,TRUE,SPRING,FALSE,FALSE,figure skating,swimming,FALSE,FALSE,unknown,10,4,4,13,14,1,computer science,none,grape,English,math,history,28,USA,always,always,yes,yes,yes,yes,yes,yes,chose to take,TRUE,TRUE,70,145,600,600,1200,3.6
159,USA,junior,ride the subway,Right,TRUE,FALSE,FALL,FALSE,TRUE,basketball,softball,FALSE,TRUE,50,1,2,1,80,Unknown,14,psychology,red,pear,English,English,history,16,USA,always,never,yes,yes,yes,yes,yes,yes,it's required,TRUE,TRUE,66,110,550,520,1070,4
99,Haiti,freshman,ride the subway,Right,TRUE,FALSE,SUMMER,FALSE,FALSE,basketball,basketball,FALSE,TRUE,72,5,1,2,9,10,2,medicine,blue,cantaloupe,English,history,none,15,USA,always,always,yes,yes,yes,yes,yes,yes,chose to take,TRUE,TRUE,63,113,580,600,1180,3.5
17,China,freshman,ride the subway,Right,FALSE,TRUE,SPRING,FALSE,FALSE,none,volleyball,TRUE,FALSE,70,0,1,2,6,15,0,computer science,white,honeydew melon,Chinese,math,science,20,China,usually,never,no,yes,yes,no,no,no,chose to take,TRUE,TRUE,67,154,550,450,1000,3.3
191,Dominican Republic,freshman,ride the subway,Right,TRUE,TRUE,SUMMER,TRUE,FALSE,baseball,swimming,FALSE,FALSE,unknown,1,1,1,69,10,1,psychology,black,orange,Spanish,political science,math,21,Dominican Rep.,always,never,no,no,yes,no,yes,no,it's required,TRUE,FALSE,74,165,660,710,1370,3.57
246,Hong Kong,sophomore,ride the subway,Right,FALSE,TRUE,WINTER,FALSE,FALSE,football,swimming,TRUE,TRUE,76,5,1,1,15,1.75,2,physical therapy,navy,watermelon,Cantonese,math,chemistry,35,USA,sometimes,never,yes,yes,yes,yes,no,no,it's required,FALSE,TRUE,65,130,780,640,1420,3.4
247,Ireland,sophomore,ride the subway,Right,TRUE,FALSE,FALL,TRUE,FALSE,hockey,running,FALSE,TRUE,unknown,3,3,3,78,10,2,art,pink,nectarine,English,studio art,math,2,Ireland,always,never,yes,yes,yes,yes,yes,no,chose to take,TRUE,FALSE,72,180,660,620,1280,3.4
139,USA,freshman,ride the subway,Right,TRUE,TRUE,SPRING,TRUE,FALSE,volleyball,volleyball,FALSE,TRUE,unknown,5,2,3,12.5,5,2,sports medicine,blue,mango,English,psychology,chemistry,2,USA,always,always,yes,yes,yes,yes,yes,yes,it's required,FALSE,TRUE,64,135,580,540,1120,2.4
53,Puerto Rico,sophomore,ride the subway,Right,TRUE,TRUE,FALL,TRUE,TRUE,basketball,softball,TRUE,FALSE,82,8,0,1,12,20,8,English,blue,mango,Spanish,English,math,16,USA,always,never,no,no,yes,no,no,no,it's required,TRUE,FALSE,63,95,600,660,1260,3.3
7,Dominican Republic,freshman,ride the subway,Right,TRUE,TRUE,WINTER,TRUE,FALSE,baseball,volleyball,FALSE,FALSE,unknown,0,1,1,36,10,0,Community health,white,grape,Spanish,science,music,5,Dominican Republic,sometimes,never,yes,yes,yes,yes,yes,yes,it's required,TRUE,FALSE,66,128,640,680,1320,2.77
67,USA,junior,ride the subway,Right,FALSE,TRUE,FALL,FALSE,TRUE,basketball,basketball,FALSE,FALSE,unknown,300,1,1,48,5,1,nursing,blue,all,English,biology,math,10,Costa Rico,always,sometimes,yes,yes,yes,no,no,yes,it's required,TRUE,FALSE,66,140,640,600,1240,3
162,USA,freshman,ride the subway,Right,FALSE,FALSE,FALL,TRUE,TRUE,baseball,basketball,FALSE,FALSE,80,5,2,2,32,12,140,physiotherapy,lavender,pear,English,urban studies,political science,30,USA,always,sometimes,no,yes,yes,yes,no,yes,chose to take,FALSE,FALSE,72,195,600,600,1200,3.1
144,USA,sophomore,"walk, ride the subway, ride the bus",Right,FALSE,FALSE,SPRING,TRUE,TRUE,basketball,basketball,FALSE,TRUE,70,8,1,2,151,12,1,biology,blue,orange,English,biology,organic chemistry,10,USA,always,usually,yes,yes,yes,no,no,no,chose to take,TRUE,TRUE,72,174,560,550,1110,3.3
199,USA,sophomore,ride the subway,Right,TRUE,TRUE,SUMMER,TRUE,TRUE,basketball,volleyball,FALSE,FALSE,unknown,2,1,2,54,30,1,psychology,purple,mango,Creole,math,psychology,8,Haiti,always,sometimes,no,no,yes,no,no,yes,it's required,NOT SURE,TRUE,63,113,580,600,1180,3.5
184,India,freshman,ride the subway,Right,TRUE,FALSE,SPRING,FALSE,TRUE,basketball,karate,FALSE,FALSE,unknown,0,2,3,86,1,5,communication,blue,watermelon,Gujarati,media class,astronomy,20,USA,usually,never,yes,yes,yes,no,yes,yes,it's required,TRUE,FALSE,69,140,800,680,1480,3.62
24,USA,freshman,ride the subway,Right,TRUE,TRUE,FALL,TRUE,TRUE,"basketball, track",aerobics,TRUE,TRUE,unknown,8,1,1,52,18,1,community health,green,watermelon,English,literature,none,8,USA,always,always,yes,yes,yes,yes,yes,yes,it's required,TRUE,TRUE,67,155,610,590,1200,3.48
73,Haiti,sophomore,ride the subway,Right,TRUE,TRUE,SPRING,TRUE,TRUE,soccer,soccer,TRUE,TRUE,unknown,5,1,1,70,Unknown,2,psychology,brown,grape,English,psychology,history,14,Haiti,always,sometimes,no,yes,yes,yes,yes,yes,it's required,TRUE,FALSE,76,150,620,680,1300,2.5
87,El Salvador,freshman,ride the subway,Right,TRUE,TRUE,SUMMER,FALSE,FALSE,basketball,cheerleading,TRUE,TRUE,83,2,1,2,23,6,4,psychology,purple,apple,English,none,none,7,USA,always,never,yes,yes,yes,yes,yes,yes,chose to take,TRUE,TRUE,70,142,660,680,1340,4
165,USA,freshman,ride the subway,Right,TRUE,TRUE,WINTER,TRUE,FALSE,baseball,soccer,TRUE,FALSE,unknown,4,1,1,9,12,2,psychology,blue,plum,Spanish,urban studies,economics,8,USA,always,always,yes,yes,yes,yes,no,yes,it's required,TRUE,FALSE,79,209,560,520,1080,3.1
76,Jamaica,junior,ride the subway,Right,TRUE,TRUE,SPRING,TRUE,FALSE,basketball,swimming,FALSE,TRUE,102,20,2,1,70,16,2,psychology,blue,grape,English,literature,math,35,Jamaica,always,usually,yes,yes,yes,no,yes,no,it's required,FALSE,FALSE,65,155,640,640,1280,3.7
90,Haiti,freshman,ride the subway,Right,FALSE,TRUE,SUMMER,TRUE,FALSE,basketball,volleyball,TRUE,TRUE,35,15,1,1,73,4,6,sociology,brown,peach,Creole,sociology,math,6,USA,sometimes,always,yes,no,no,yes,no,yes,chose to take,FALSE,FALSE,72,128,550,600,1150,3.7
173,USA,junior,ride the subway,Right,not sure,TRUE,FALL,FALSE,TRUE,basketball,none,TRUE,FALSE,unknown,1,1,1,12,5,2,psychology,black,strawberry,English,theater,math,4,USA,usually,sometimes,yes,yes,yes,no,yes,yes,it's required,FALSE,FALSE,76,150,620,680,1300,2.5
236,Belarus,freshman,ride the subway,Right,TRUE,TRUE,SPRING,TRUE,FALSE,volleyball,swimming,TRUE,TRUE,unknown,7,1,2,33.5,20,4,social work,black,apple,Russian,literature,gym,7,Belarus,always,sometimes,yes,yes,no,no,no,yes,it's required,FALSE,TRUE,61,105,670,700,1370,3.68
243,USA,sophomore,ride the subway,Right,FALSE,FALSE,SUMMER,FALSE,TRUE,basketball,basketball,FALSE,TRUE,unknown,7,1,1,80,10,5,sociology,black,strawberry,Czech,sociology,chemistry,20,USA,always,usually,yes,yes,yes,yes,no,no,it's required,FALSE,TRUE,69,155,700,560,1260,3.2
155,USA,freshman,ride the subway,Right,TRUE,FALSE,SUMMER,TRUE,TRUE,basketball,dance,TRUE,TRUE,unknown,3,1,1,9,8,6,psychology,blue,peach,English,math,history,4,USA,always,sometimes,yes,yes,yes,yes,yes,yes,chose to take,TRUE,TRUE,64,120,490,520,1010,2.9
256,Japan,senior,walk,Right,FALSE,FALSE,SPRING,TRUE,FALSE,tennis,tennis,TRUE,FALSE,unknown,1,1,2,15,4,1,anthropology,black,cherry,Japanese,math,English,0,Japan,always,sometimes,yes,no,yes,no,no,no,it's required,FALSE,TRUE,67,138,760,640,1400,3.3
201,India,freshman,ride the subway,Right,TRUE,FALSE,FALL,FALSE,FALSE,basketball,volleyball,FALSE,FALSE,unknown,0,1,2,12,5,1,nursing,blue,apple,Punjabi,history,math,1,India,always,sometimes,no,yes,yes,yes,yes,yes,it's required,FALSE,FALSE,69,198,550,620,1170,2.9
123,Afghanistan,freshman,ride the subway,Right,TRUE,FALSE,SPRING,FALSE,FALSE,figure skating,volleyball,FALSE,TRUE,unknown,3,3,2,12,8,1,nursing,black,cantaloupe,English,social science,English,7,USA,always,usually,yes,yes,yes,yes,yes,yes,it's required,TRUE,TRUE,71,175,700,720,1420,3.7
149,USA,nondegree student,ride the bus,Right,FALSE,TRUE,SUMMER,TRUE,FALSE,figure skating,figure skating,TRUE,FALSE,75,1,2,1,4.5,25,1,physical therapy,pink,orange,English,science,none,4,USA,always,always,yes,yes,yes,yes,yes,yes,it's required,TRUE,TRUE,72,175,650,670,1320,3.6
269,Russia,freshman,ride the subway,Right,TRUE,FALSE,SUMMER,TRUE,FALSE,none,basketball,TRUE,FALSE,unknown,20,3,2,13,30,10,nursing,green,orange,Russian,literature,physics,3,Russia,always,sometimes,yes,yes,yes,yes,no,no,it's required,NOT SURE,TRUE,75,210,550,580,1130,3.3
